Date,Time,Temperature (Â°C),Humidity (%),Soil Moisture Morning (%),Watering Done? (Y/N),Soil Moisture After X hours (%),Change in Moisture (%),Watering Needed Later? (Y/N),Time of Day
2025-03-28T00:00:00.000000000,09:00,29.0,73.6,19.8,Yes,22.0,2.2,Yes,Late Morning
2025-03-31T00:00:00.000000000,08:00,30.0,55.1,35.0,Yes,42.0,7.0,No,Late Morning
2025-03-25T00:00:00.000000000,08:00,21.3,88.1,52.8,Yes,59.8,7.0,No,Late Morning
2025-04-02T00:00:00.000000000,06:00,22.5,63.7,43.2,Yes,53.8,10.6,No,Early Morning
2025-04-01T00:00:00.000000000,06:00,20.4,75.7,38.9,Yes,46.3,7.4,No,Early Morning
2025-03-26T00:00:00.000000000,06:00,22.4,57.9,58.4,Yes,64.3,5.9,No,Early Morning
2025-03-26T00:00:00.000000000,09:00,30.2,79.8,35.6,No,29.5,-6.1,No,Late Morning
2025-03-28T00:00:00.000000000,06:00,22.3,74.2,35.9,No,30.3,-5.6,Yes,Early Morning
2025-03-31T00:00:00.000000000,09:00,21.1,51.4,37.9,Yes,47.8,9.9,No,Late Morning
2025-03-31T00:00:00.000000000,09:00,29.3,81.8,31.5,Yes,38.8,7.3,No,Late Morning
2025-03-25T00:00:00.000000000,09:00,28.8,67.7,44.4,Yes,56.8,12.4,No,Late Morning
2025-03-27T00:00:00.000000000,08:00,29.5,65.8,28.3,No,18.7,-9.6,Yes,Late Morning
2025-03-28T00:00:00.000000000,07:00,26.3,69.0,43.4,Yes,50.8,7.4,No,Morning
2025-04-02T00:00:00.000000000,08:00,30.5,79.8,49.8,Yes,55.4,5.6,No,Late Morning
2025-03-29T00:00:00.000000000,09:00,25.5,72.2,34.0,No,24.5,-9.5,Yes,Late Morning
2025-04-02T00:00:00.000000000,06:00,27.8,70.4,54.5,No,48.8,-5.7,No,Early Morning
2025-03-26T00:00:00.000000000,09:00,23.3,59.8,33.4,Yes,42.7,9.3,No,Late Morning
2025-04-01T00:00:00.000000000,08:00,25.5,61.0,38.4,No,30.9,-7.5,Yes,Late Morning
2025-03-31T00:00:00.000000000,08:00,25.7,55.0,31.3,Yes,38.8,7.5,No,Late Morning
2025-03-26T00:00:00.000000000,08:00,20.5,86.6,53.0,No,43.3,-9.7,No,Late Morning
2025-03-30T00:00:00.000000000,09:00,29.7,87.8,26.4,Yes,34.0,7.6,No,Late Morning
2025-03-29T00:00:00.000000000,06:00,27.5,50.2,24.3,No,18.6,-5.7,Yes,Early Morning
2025-04-02T00:00:00.000000000,09:00,23.6,75.1,22.6,Yes,25.3,2.7,Yes,Late Morning
2025-03-29T00:00:00.000000000,09:00,26.8,73.3,30.0,No,21.8,-8.2,Yes,Late Morning
2025-03-29T00:00:00.000000000,06:00,24.6,65.4,20.8,No,14.4,-6.4,Yes,Early Morning
2025-03-26T00:00:00.000000000,07:00,23.7,50.7,58.8,No,51.1,-7.7,No,Morning
2025-03-30T00:00:00.000000000,09:00,26.4,59.3,31.0,Yes,36.2,5.2,No,Late Morning
2025-04-02T00:00:00.000000000,09:00,26.1,76.3,20.5,Yes,26.2,5.7,Yes,Late Morning
2025-04-01T00:00:00.000000000,08:00,26.6,56.5,54.6,Yes,69.0,14.4,No,Late Morning
2025-03-25T00:00:00.000000000,06:00,29.2,77.5,21.0,Yes,25.7,4.7,No,Early Morning
2025-03-26T00:00:00.000000000,08:00,24.9,74.0,44.0,Yes,52.9,8.9,No,Late Morning
2025-03-31T00:00:00.000000000,06:00,29.4,59.2,12.5,No,4.5,-8.0,Yes,Early Morning
2025-03-30T00:00:00.000000000,08:00,23.6,75.6,56.1,No,48.2,-7.9,No,Late Morning
2025-03-27T00:00:00.000000000,09:00,25.5,74.1,16.3,No,6.7,-9.6,Yes,Late Morning
2025-03-28T00:00:00.000000000,07:00,23.0,86.4,29.5,No,25.4,-4.1,Yes,Morning
2025-03-30T00:00:00.000000000,08:00,21.8,64.1,54.4,Yes,64.5,10.1,No,Late Morning
2025-03-29T00:00:00.000000000,09:00,28.7,63.0,58.0,No,46.8,-11.2,No,Late Morning
2025-03-27T00:00:00.000000000,06:00,22.2,73.5,38.2,Yes,46.2,8.0,No,Early Morning
2025-03-25T00:00:00.000000000,07:00,27.4,51.8,12.4,No,6.6,-5.8,Yes,Morning
2025-03-30T00:00:00.000000000,07:00,22.4,86.6,53.9,Yes,61.4,7.5,No,Morning
2025-03-25T00:00:00.000000000,09:00,25.7,75.7,32.0,Yes,37.6,5.6,No,Late Morning
2025-03-30T00:00:00.000000000,06:00,29.7,56.5,20.7,Yes,26.1,5.4,Yes,Early Morning
2025-04-02T00:00:00.000000000,07:00,28.8,57.0,30.9,No,27.7,-3.2,Yes,Morning
2025-03-29T00:00:00.000000000,09:00,29.2,57.8,11.3,Yes,13.2,1.9,Yes,Late Morning
2025-03-31T00:00:00.000000000,09:00,29.4,88.2,57.1,Yes,67.4,10.3,No,Late Morning
2025-03-26T00:00:00.000000000,06:00,24.4,82.9,26.8,Yes,34.0,7.2,No,Early Morning
2025-04-01T00:00:00.000000000,09:00,23.7,50.6,14.0,No,5.1,-8.9,Yes,Late Morning
2025-04-01T00:00:00.000000000,08:00,25.1,68.1,12.0,Yes,14.5,2.5,Yes,Late Morning
2025-04-01T00:00:00.000000000,08:00,21.0,71.3,29.9,No,19.5,-10.4,Yes,Late Morning
2025-03-29T00:00:00.000000000,08:00,26.6,73.2,40.5,No,29.7,-10.8,No,Late Morning
2025-03-27T00:00:00.000000000,08:00,29.1,77.3,37.6,Yes,45.5,7.9,No,Late Morning
2025-04-02T00:00:00.000000000,08:00,24.0,82.4,35.5,Yes,42.0,6.5,No,Late Morning
2025-03-29T00:00:00.000000000,09:00,25.0,54.1,41.5,No,34.4,-7.1,No,Late Morning
2025-03-26T00:00:00.000000000,09:00,25.1,74.4,54.9,No,45.6,-9.3,No,Late Morning
2025-03-25T00:00:00.000000000,06:00,26.7,74.4,43.2,Yes,53.3,10.1,No,Early Morning
2025-03-27T00:00:00.000000000,08:00,23.8,88.7,12.9,Yes,14.8,1.9,Yes,Late Morning
2025-03-27T00:00:00.000000000,09:00,26.2,55.3,18.7,Yes,21.8,3.1,No,Late Morning
2025-04-02T00:00:00.000000000,07:00,20.4,76.9,45.4,No,41.7,-3.7,No,Morning
2025-03-31T00:00:00.000000000,07:00,20.3,72.7,14.4,No,8.7,-5.7,Yes,Morning
2025-03-27T00:00:00.000000000,06:00,24.1,89.8,42.9,Yes,55.1,12.2,No,Early Morning
2025-04-02T00:00:00.000000000,08:00,29.8,69.4,13.1,Yes,16.0,2.9,Yes,Late Morning
2025-03-26T00:00:00.000000000,09:00,26.4,52.8,21.4,No,9.6,-11.8,Yes,Late Morning
2025-04-02T00:00:00.000000000,06:00,23.0,72.0,15.2,No,7.5,-7.7,Yes,Early Morning
2025-03-26T00:00:00.000000000,08:00,29.2,62.7,15.2,No,7.1,-8.1,Yes,Late Morning
2025-03-29T00:00:00.000000000,08:00,29.9,63.6,27.0,No,16.5,-10.5,Yes,Late Morning
2025-04-02T00:00:00.000000000,09:00,30.4,65.1,21.7,No,14.5,-7.2,Yes,Late Morning
2025-04-02T00:00:00.000000000,09:00,28.0,81.7,58.8,Yes,65.9,7.1,No,Late Morning
2025-04-01T00:00:00.000000000,08:00,29.3,72.1,16.5,No,9.6,-6.9,Yes,Late Morning
2025-03-29T00:00:00.000000000,09:00,23.2,51.6,17.3,Yes,20.8,3.5,Yes,Late Morning
2025-03-27T00:00:00.000000000,09:00,31.0,76.4,56.4,Yes,64.8,8.4,No,Late Morning
2025-03-29T00:00:00.000000000,08:00,23.6,53.1,50.6,Yes,63.5,12.9,No,Late Morning
2025-03-26T00:00:00.000000000,07:00,23.4,62.8,17.2,Yes,19.4,2.2,Yes,Morning
2025-04-02T00:00:00.000000000,06:00,23.0,51.4,31.9,Yes,35.2,3.3,No,Early Morning
2025-03-25T00:00:00.000000000,07:00,25.1,64.9,30.7,Yes,39.6,8.9,No,Morning
2025-03-29T00:00:00.000000000,08:00,28.4,71.9,22.6,No,13.7,-8.9,Yes,Late Morning
2025-04-02T00:00:00.000000000,08:00,29.1,63.7,18.8,No,11.6,-7.2,Yes,Late Morning
2025-03-28T00:00:00.000000000,07:00,29.4,55.7,42.1,No,37.5,-4.6,No,Morning
2025-03-30T00:00:00.000000000,09:00,21.4,70.5,46.2,No,36.3,-9.9,No,Late Morning
2025-03-28T00:00:00.000000000,08:00,30.1,67.1,13.8,Yes,17.9,4.1,Yes,Late Morning
2025-03-28T00:00:00.000000000,06:00,26.1,56.6,24.0,No,18.9,-5.1,Yes,Early Morning
2025-04-02T00:00:00.000000000,07:00,23.2,67.3,38.1,Yes,47.9,9.8,No,Morning
2025-04-02T00:00:00.000000000,08:00,23.5,88.6,22.1,No,11.7,-10.4,Yes,Late Morning
2025-03-30T00:00:00.000000000,08:00,23.3,79.5,45.3,Yes,54.4,9.1,No,Late Morning
2025-04-02T00:00:00.000000000,08:00,23.2,73.7,22.5,No,11.4,-11.1,Yes,Late Morning
2025-03-30T00:00:00.000000000,06:00,24.0,84.2,19.7,No,13.6,-6.1,Yes,Early Morning
2025-03-25T00:00:00.000000000,06:00,29.5,51.9,46.6,Yes,52.0,5.4,No,Early Morning
2025-03-29T00:00:00.000000000,08:00,20.5,73.8,36.8,No,28.8,-8.0,Yes,Late Morning
2025-04-02T00:00:00.000000000,07:00,27.8,69.6,13.4,No,6.9,-6.5,Yes,Morning
2025-04-01T00:00:00.000000000,08:00,24.0,81.7,48.9,Yes,59.7,10.8,No,Late Morning
2025-03-28T00:00:00.000000000,08:00,25.2,87.1,15.7,Yes,18.8,3.1,Yes,Late Morning
2025-03-31T00:00:00.000000000,07:00,20.5,86.5,34.4,Yes,42.0,7.6,No,Morning
2025-03-30T00:00:00.000000000,08:00,21.9,86.9,20.5,No,12.6,-7.9,Yes,Late Morning
2025-03-31T00:00:00.000000000,08:00,20.3,55.2,12.0,No,2.5,-9.5,Yes,Late Morning
2025-03-27T00:00:00.000000000,09:00,20.7,72.0,42.6,No,31.2,-11.4,No,Late Morning
2025-04-01T00:00:00.000000000,08:00,24.9,68.4,38.3,No,26.6,-11.7,No,Late Morning
2025-04-02T00:00:00.000000000,06:00,29.0,63.8,58.2,Yes,73.7,15.5,No,Early Morning
2025-03-28T00:00:00.000000000,06:00,26.7,64.5,58.5,No,52.9,-5.6,No,Early Morning
2025-03-31T00:00:00.000000000,09:00,20.4,68.2,48.1,Yes,60.9,12.8,No,Late Morning
2025-03-31T00:00:00.000000000,09:00,24.1,82.2,57.2,No,47.4,-9.8,No,Late Morning
2025-03-31T00:00:00.000000000,06:00,22.4,54.7,26.8,Yes,30.0,3.2,No,Early Morning
2025-04-01T00:00:00.000000000,08:00,25.2,66.0,23.1,No,15.3,-7.8,Yes,Late Morning
2025-03-29T00:00:00.000000000,06:00,20.3,68.3,10.8,No,2.8,-8.0,Yes,Early Morning
2025-04-01T00:00:00.000000000,08:00,24.1,74.9,58.5,No,47.5,-11.0,No,Late Morning
2025-03-30T00:00:00.000000000,09:00,22.7,61.6,18.4,No,9.7,-8.7,Yes,Late Morning
2025-03-25T00:00:00.000000000,07:00,28.4,59.5,20.5,Yes,23.0,2.5,Yes,Morning
2025-03-31T00:00:00.000000000,07:00,29.3,58.2,10.3,No,5.3,-5.0,Yes,Morning
2025-04-02T00:00:00.000000000,06:00,30.0,50.2,24.2,Yes,31.0,6.8,No,Early Morning
2025-03-25T00:00:00.000000000,07:00,30.2,82.7,55.2,Yes,69.1,13.9,No,Morning
2025-03-25T00:00:00.000000000,08:00,25.5,86.7,18.4,Yes,20.7,2.3,Yes,Late Morning
2025-03-31T00:00:00.000000000,08:00,27.8,74.6,43.3,Yes,53.5,10.2,No,Late Morning
2025-03-28T00:00:00.000000000,08:00,30.8,55.0,47.7,Yes,57.7,10.0,No,Late Morning
2025-03-28T00:00:00.000000000,09:00,20.4,70.5,11.1,No,4.4,-6.7,Yes,Late Morning
2025-03-28T00:00:00.000000000,08:00,22.7,59.8,23.2,No,12.8,-10.4,Yes,Late Morning
2025-03-30T00:00:00.000000000,06:00,21.3,65.3,36.2,No,30.2,-6.0,Yes,Early Morning
2025-03-30T00:00:00.000000000,07:00,25.1,79.5,54.3,No,49.2,-5.1,No,Morning
2025-04-01T00:00:00.000000000,07:00,23.8,87.4,12.7,Yes,16.1,3.4,Yes,Morning
2025-04-02T00:00:00.000000000,07:00,29.9,66.3,24.4,No,19.1,-5.3,Yes,Morning
2025-04-02T00:00:00.000000000,08:00,20.7,58.9,23.9,No,12.0,-11.9,Yes,Late Morning
2025-03-28T00:00:00.000000000,07:00,24.2,66.8,27.0,No,19.3,-7.7,Yes,Morning
2025-03-28T00:00:00.000000000,06:00,21.2,72.6,49.5,No,45.5,-4.0,No,Early Morning
2025-04-01T00:00:00.000000000,08:00,24.9,89.4,58.4,Yes,70.1,11.7,No,Late Morning
2025-04-01T00:00:00.000000000,09:00,27.8,86.1,14.1,Yes,15.6,1.5,Yes,Late Morning
2025-03-26T00:00:00.000000000,09:00,24.6,85.5,22.3,Yes,27.9,5.6,No,Late Morning
2025-03-29T00:00:00.000000000,09:00,25.6,58.0,31.3,No,21.5,-9.8,Yes,Late Morning
2025-03-27T00:00:00.000000000,06:00,30.8,63.0,32.1,No,27.5,-4.6,Yes,Early Morning
2025-04-02T00:00:00.000000000,08:00,21.1,75.1,41.7,Yes,49.5,7.8,No,Late Morning
2025-03-25T00:00:00.000000000,09:00,29.9,52.0,35.1,No,23.4,-11.7,Yes,Late Morning
2025-03-30T00:00:00.000000000,07:00,20.1,85.6,40.0,Yes,47.6,7.6,No,Morning
2025-03-31T00:00:00.000000000,08:00,25.4,75.2,28.7,No,17.5,-11.2,Yes,Late Morning
2025-04-01T00:00:00.000000000,07:00,30.9,72.7,56.2,No,52.6,-3.6,No,Morning
2025-03-28T00:00:00.000000000,08:00,21.3,89.3,55.7,No,44.0,-11.7,No,Late Morning
2025-03-26T00:00:00.000000000,06:00,23.6,73.9,18.8,Yes,22.4,3.6,Yes,Early Morning
2025-03-30T00:00:00.000000000,09:00,24.9,71.1,43.4,Yes,56.3,12.9,No,Late Morning
2025-03-30T00:00:00.000000000,08:00,30.5,70.8,17.5,No,6.2,-11.3,Yes,Late Morning
2025-03-30T00:00:00.000000000,08:00,26.5,88.9,34.1,No,24.2,-9.9,Yes,Late Morning
2025-03-30T00:00:00.000000000,07:00,22.2,65.1,42.6,Yes,53.1,10.5,No,Morning
2025-03-25T00:00:00.000000000,06:00,28.0,70.8,42.5,No,39.1,-3.4,No,Early Morning
2025-03-31T00:00:00.000000000,09:00,20.7,70.4,49.7,Yes,63.6,13.9,No,Late Morning
2025-03-26T00:00:00.000000000,07:00,22.1,82.0,56.0,No,52.6,-3.4,No,Morning
2025-03-28T00:00:00.000000000,09:00,25.1,55.3,50.9,Yes,63.1,12.2,No,Late Morning
2025-04-01T00:00:00.000000000,09:00,25.2,73.1,35.2,Yes,43.8,8.6,No,Late Morning
2025-04-01T00:00:00.000000000,07:00,22.5,84.3,34.0,Yes,42.5,8.5,No,Morning
2025-03-27T00:00:00.000000000,07:00,28.3,89.6,30.0,Yes,38.5,8.5,No,Morning
2025-03-25T00:00:00.000000000,07:00,30.3,89.7,41.7,Yes,53.8,12.1,No,Morning
2025-03-27T00:00:00.000000000,09:00,22.0,81.7,18.8,No,11.7,-7.1,Yes,Late Morning
2025-03-25T00:00:00.000000000,06:00,26.0,80.7,26.3,Yes,29.0,2.7,No,Early Morning
2025-03-28T00:00:00.000000000,07:00,23.9,83.7,54.0,Yes,65.4,11.4,No,Morning
2025-03-31T00:00:00.000000000,07:00,22.0,71.9,11.1,No,6.8,-4.3,Yes,Morning
2025-03-27T00:00:00.000000000,08:00,23.4,62.6,18.6,Yes,23.9,5.3,Yes,Late Morning
2025-03-29T00:00:00.000000000,07:00,29.2,57.8,27.4,Yes,31.1,3.7,No,Morning
2025-03-31T00:00:00.000000000,06:00,24.2,54.3,12.1,No,6.9,-5.2,Yes,Early Morning
2025-03-25T00:00:00.000000000,08:00,21.1,88.7,18.0,Yes,21.1,3.1,Yes,Late Morning
2025-04-02T00:00:00.000000000,09:00,25.9,82.5,16.6,Yes,19.9,3.3,Yes,Late Morning
2025-04-02T00:00:00.000000000,08:00,22.4,50.2,29.3,Yes,37.2,7.9,No,Late Morning
2025-03-30T00:00:00.000000000,08:00,25.6,68.2,49.2,Yes,56.1,6.9,No,Late Morning
2025-04-02T00:00:00.000000000,09:00,22.3,80.1,53.2,No,41.2,-12.0,No,Late Morning
2025-03-26T00:00:00.000000000,09:00,24.2,81.7,25.2,Yes,28.5,3.3,No,Late Morning
2025-03-25T00:00:00.000000000,07:00,30.7,55.6,15.1,Yes,16.8,1.7,Yes,Morning
2025-03-28T00:00:00.000000000,08:00,30.9,67.8,35.8,Yes,42.4,6.6,No,Late Morning
2025-04-01T00:00:00.000000000,09:00,28.2,54.9,32.6,Yes,36.0,3.4,No,Late Morning
2025-04-02T00:00:00.000000000,06:00,28.9,83.2,29.1,Yes,34.5,5.4,No,Early Morning
2025-03-29T00:00:00.000000000,07:00,28.7,57.4,16.1,Yes,20.6,4.5,Yes,Morning
2025-03-31T00:00:00.000000000,07:00,28.4,68.6,46.3,Yes,56.9,10.6,No,Morning
2025-03-26T00:00:00.000000000,06:00,27.8,79.7,31.4,No,23.4,-8.0,Yes,Early Morning
2025-03-31T00:00:00.000000000,07:00,21.1,50.5,16.1,Yes,18.2,2.1,No,Morning
2025-04-01T00:00:00.000000000,07:00,25.0,89.9,59.6,No,55.8,-3.8,No,Morning
2025-03-25T00:00:00.000000000,06:00,23.1,61.0,38.7,No,33.4,-5.3,Yes,Early Morning
2025-03-25T00:00:00.000000000,07:00,30.1,55.0,45.4,Yes,52.8,7.4,No,Morning
2025-04-01T00:00:00.000000000,08:00,29.8,89.3,26.7,No,15.4,-11.3,Yes,Late Morning
2025-03-30T00:00:00.000000000,08:00,20.5,88.8,21.4,Yes,26.3,4.9,No,Late Morning
2025-03-25T00:00:00.000000000,06:00,26.8,82.7,19.0,No,15.3,-3.7,Yes,Early Morning
2025-03-25T00:00:00.000000000,09:00,20.0,65.2,55.6,No,43.8,-11.8,No,Late Morning
2025-03-30T00:00:00.000000000,06:00,30.5,54.6,54.0,No,50.8,-3.2,No,Early Morning
2025-03-27T00:00:00.000000000,07:00,25.2,85.8,26.5,No,22.2,-4.3,Yes,Morning
2025-03-28T00:00:00.000000000,06:00,22.9,74.7,24.5,No,19.7,-4.8,Yes,Early Morning
2025-03-28T00:00:00.000000000,09:00,22.5,65.7,37.0,Yes,43.6,6.6,No,Late Morning
2025-03-26T00:00:00.000000000,09:00,27.2,70.8,11.0,No,2.6,-8.4,Yes,Late Morning
2025-03-25T00:00:00.000000000,09:00,22.3,51.9,36.7,Yes,45.7,9.0,No,Late Morning
2025-03-26T00:00:00.000000000,06:00,22.3,83.6,59.9,Yes,74.4,14.5,No,Early Morning
2025-03-29T00:00:00.000000000,07:00,24.6,88.6,52.8,Yes,65.4,12.6,No,Morning
2025-03-28T00:00:00.000000000,07:00,20.9,50.5,46.0,Yes,55.7,9.7,No,Morning
2025-03-26T00:00:00.000000000,07:00,27.0,85.9,50.7,Yes,65.7,15.0,No,Morning
2025-03-27T00:00:00.000000000,07:00,30.4,81.4,34.2,Yes,39.5,5.3,No,Morning
2025-04-02T00:00:00.000000000,06:00,22.9,72.5,43.3,Yes,50.0,6.7,No,Early Morning
2025-04-02T00:00:00.000000000,09:00,29.5,55.4,44.3,Yes,51.0,6.7,No,Late Morning
2025-04-01T00:00:00.000000000,09:00,21.3,58.8,11.6,No,2.3,-9.3,Yes,Late Morning
2025-04-01T00:00:00.000000000,09:00,30.4,65.5,46.3,Yes,57.7,11.4,No,Late Morning
2025-03-31T00:00:00.000000000,08:00,25.6,74.3,16.9,No,10.6,-6.3,Yes,Late Morning
2025-04-01T00:00:00.000000000,08:00,22.0,50.8,41.7,Yes,47.0,5.3,No,Late Morning
2025-03-27T00:00:00.000000000,09:00,29.9,59.7,20.8,Yes,26.9,6.1,Yes,Late Morning
2025-03-27T00:00:00.000000000,09:00,23.7,50.6,20.1,No,8.8,-11.3,Yes,Late Morning
2025-03-26T00:00:00.000000000,09:00,25.9,51.0,35.3,Yes,39.8,4.5,No,Late Morning
2025-03-26T00:00:00.000000000,09:00,30.7,85.5,48.4,Yes,56.7,8.3,No,Late Morning
2025-03-30T00:00:00.000000000,08:00,22.8,74.3,30.8,Yes,37.3,6.5,No,Late Morning
2025-03-31T00:00:00.000000000,08:00,27.6,85.9,56.7,Yes,63.3,6.6,No,Late Morning
2025-03-31T00:00:00.000000000,07:00,20.3,62.4,58.9,Yes,66.4,7.5,No,Morning
2025-03-27T00:00:00.000000000,06:00,27.6,54.3,39.6,Yes,45.8,6.2,No,Early Morning
2025-03-25T00:00:00.000000000,06:00,26.0,55.0,36.5,Yes,40.9,4.4,No,Early Morning
2025-03-25T00:00:00.000000000,06:00,29.2,73.4,59.3,No,54.2,-5.1,No,Early Morning
2025-03-25T00:00:00.000000000,07:00,29.5,79.3,38.5,Yes,46.8,8.3,No,Morning
2025-03-27T00:00:00.000000000,06:00,22.8,61.3,46.2,Yes,54.5,8.3,No,Early Morning
2025-04-02T00:00:00.000000000,06:00,21.9,63.8,18.4,Yes,20.3,1.9,Yes,Early Morning
2025-03-26T00:00:00.000000000,07:00,24.0,87.7,29.2,Yes,32.6,3.4,No,Morning
2025-03-29T00:00:00.000000000,09:00,23.8,71.3,33.2,No,25.6,-7.6,Yes,Late Morning
2025-03-26T00:00:00.000000000,08:00,30.7,80.9,25.9,No,17.0,-8.9,Yes,Late Morning
2025-03-30T00:00:00.000000000,08:00,29.5,88.6,18.1,No,6.9,-11.2,Yes,Late Morning
2025-03-31T00:00:00.000000000,08:00,29.1,81.4,51.7,No,42.6,-9.1,No,Late Morning
2025-04-02T00:00:00.000000000,09:00,23.9,55.8,10.3,Yes,13.0,2.7,Yes,Late Morning
2025-03-31T00:00:00.000000000,08:00,24.0,57.0,45.3,Yes,58.6,13.3,No,Late Morning
2025-03-25T00:00:00.000000000,06:00,28.1,53.6,45.2,No,37.5,-7.7,No,Early Morning
2025-03-25T00:00:00.000000000,09:00,25.9,74.7,19.9,Yes,23.6,3.7,No,Late Morning
2025-03-25T00:00:00.000000000,09:00,23.3,77.6,37.8,Yes,41.8,4.0,No,Late Morning
2025-03-30T00:00:00.000000000,07:00,22.6,51.5,24.6,Yes,30.2,5.6,No,Morning
2025-04-01T00:00:00.000000000,09:00,27.3,78.3,11.6,No,1.6,-10.0,Yes,Late Morning
2025-03-30T00:00:00.000000000,08:00,30.4,84.7,27.4,Yes,32.6,5.2,No,Late Morning
2025-03-31T00:00:00.000000000,09:00,23.2,65.2,21.0,Yes,23.7,2.7,Yes,Late Morning
2025-04-02T00:00:00.000000000,06:00,26.3,80.0,37.3,Yes,45.2,7.9,No,Early Morning
2025-03-30T00:00:00.000000000,06:00,30.7,54.5,20.9,No,16.0,-4.9,Yes,Early Morning
2025-04-02T00:00:00.000000000,07:00,25.3,87.4,21.6,Yes,25.9,4.3,Yes,Morning
2025-03-26T00:00:00.000000000,06:00,30.4,88.3,21.8,Yes,28.3,6.5,No,Early Morning
2025-03-28T00:00:00.000000000,09:00,29.4,60.7,16.7,No,8.1,-8.6,Yes,Late Morning
2025-03-29T00:00:00.000000000,06:00,24.2,87.2,30.2,Yes,37.3,7.1,No,Early Morning
2025-03-27T00:00:00.000000000,08:00,27.2,83.3,53.6,Yes,68.1,14.5,No,Late Morning
2025-03-29T00:00:00.000000000,07:00,26.7,64.3,16.1,No,12.7,-3.4,Yes,Morning
2025-03-25T00:00:00.000000000,09:00,27.7,84.8,30.1,No,21.3,-8.8,Yes,Late Morning
2025-03-27T00:00:00.000000000,06:00,25.6,65.6,53.1,No,48.3,-4.8,No,Early Morning
2025-03-26T00:00:00.000000000,06:00,24.0,50.7,25.9,Yes,31.5,5.6,No,Early Morning
2025-04-02T00:00:00.000000000,06:00,28.1,79.2,41.4,Yes,47.2,5.8,No,Early Morning
2025-03-31T00:00:00.000000000,07:00,20.4,61.7,51.7,No,47.8,-3.9,No,Morning
2025-03-27T00:00:00.000000000,06:00,21.3,87.9,46.7,No,41.9,-4.8,No,Early Morning
2025-03-31T00:00:00.000000000,09:00,24.5,64.3,23.5,No,16.0,-7.5,Yes,Late Morning
2025-04-02T00:00:00.000000000,07:00,30.2,79.9,55.1,Yes,69.2,14.1,No,Morning
2025-03-28T00:00:00.000000000,06:00,26.6,76.8,45.4,Yes,52.6,7.2,No,Early Morning
2025-03-28T00:00:00.000000000,07:00,23.5,53.4,30.6,No,22.9,-7.7,Yes,Morning
2025-03-30T00:00:00.000000000,07:00,20.7,79.8,21.1,Yes,25.2,4.1,No,Morning
2025-03-31T00:00:00.000000000,09:00,22.1,89.5,56.5,No,48.9,-7.6,No,Late Morning
2025-04-02T00:00:00.000000000,06:00,20.2,89.2,20.8,Yes,23.5,2.7,No,Early Morning
2025-04-01T00:00:00.000000000,06:00,24.0,88.5,18.1,Yes,22.5,4.4,Yes,Early Morning
2025-04-02T00:00:00.000000000,09:00,30.0,67.8,13.6,Yes,15.8,2.2,Yes,Late Morning
2025-03-27T00:00:00.000000000,07:00,27.9,83.2,48.2,No,43.4,-4.8,No,Morning
2025-03-31T00:00:00.000000000,07:00,25.3,76.4,21.4,Yes,27.5,6.1,No,Morning
2025-03-30T00:00:00.000000000,09:00,23.5,84.8,55.2,Yes,60.9,5.7,No,Late Morning
2025-04-02T00:00:00.000000000,09:00,27.1,54.1,35.2,Yes,40.6,5.4,No,Late Morning
2025-03-31T00:00:00.000000000,07:00,26.6,71.9,34.7,Yes,42.1,7.4,No,Morning
2025-04-02T00:00:00.000000000,08:00,29.2,84.0,47.7,No,41.0,-6.7,No,Late Morning
2025-03-25T00:00:00.000000000,06:00,27.7,67.2,45.0,No,40.2,-4.8,No,Early Morning
2025-03-31T00:00:00.000000000,07:00,26.1,75.0,16.6,Yes,20.6,4.0,Yes,Morning
2025-03-27T00:00:00.000000000,07:00,23.9,73.9,19.6,No,15.7,-3.9,Yes,Morning
2025-03-31T00:00:00.000000000,08:00,21.3,74.8,15.4,Yes,17.4,2.0,Yes,Late Morning
2025-03-27T00:00:00.000000000,09:00,26.9,54.6,25.2,Yes,30.0,4.8,No,Late Morning
2025-03-26T00:00:00.000000000,09:00,23.1,78.0,30.5,Yes,36.3,5.8,No,Late Morning
2025-03-28T00:00:00.000000000,07:00,25.6,56.2,44.4,Yes,51.3,6.9,No,Morning
2025-04-02T00:00:00.000000000,06:00,29.4,60.9,36.7,No,31.2,-5.5,No,Early Morning
2025-03-26T00:00:00.000000000,07:00,20.9,70.6,21.7,Yes,27.6,5.9,No,Morning
2025-03-29T00:00:00.000000000,09:00,27.9,59.6,33.6,Yes,43.0,9.4,No,Late Morning
2025-03-29T00:00:00.000000000,08:00,24.5,66.3,30.6,No,22.4,-8.2,Yes,Late Morning
2025-03-27T00:00:00.000000000,09:00,29.7,57.1,25.9,No,18.4,-7.5,Yes,Late Morning
2025-03-25T00:00:00.000000000,07:00,22.7,59.6,19.1,Yes,24.8,5.7,Yes,Morning
2025-03-29T00:00:00.000000000,06:00,27.0,59.9,22.8,No,19.8,-3.0,Yes,Early Morning
2025-03-31T00:00:00.000000000,07:00,28.5,55.6,36.5,No,31.3,-5.2,No,Morning
2025-03-28T00:00:00.000000000,07:00,21.0,65.2,44.8,No,38.5,-6.3,No,Morning
2025-03-26T00:00:00.000000000,07:00,23.5,81.5,37.8,No,33.2,-4.6,No,Morning
2025-03-29T00:00:00.000000000,06:00,23.1,57.2,43.6,No,37.6,-6.0,No,Early Morning
2025-03-31T00:00:00.000000000,06:00,30.0,83.5,23.2,No,18.4,-4.8,Yes,Early Morning
2025-03-30T00:00:00.000000000,06:00,20.9,87.2,52.6,Yes,58.7,6.1,No,Early Morning
2025-03-30T00:00:00.000000000,06:00,30.7,62.6,25.3,No,18.8,-6.5,Yes,Early Morning
2025-03-26T00:00:00.000000000,09:00,27.2,61.3,18.0,Yes,20.4,2.4,Yes,Late Morning
2025-04-01T00:00:00.000000000,08:00,28.1,66.6,57.6,Yes,70.8,13.2,No,Late Morning
2025-04-01T00:00:00.000000000,06:00,20.7,82.6,35.7,No,32.0,-3.7,Yes,Early Morning
2025-03-27T00:00:00.000000000,09:00,26.1,56.5,21.1,Yes,23.7,2.6,Yes,Late Morning
2025-04-02T00:00:00.000000000,09:00,21.0,78.3,37.0,Yes,42.3,5.3,No,Late Morning
2025-03-28T00:00:00.000000000,09:00,30.0,70.6,27.1,Yes,34.7,7.6,No,Late Morning
2025-03-31T00:00:00.000000000,06:00,22.1,64.2,19.5,Yes,21.9,2.4,Yes,Early Morning
2025-03-29T00:00:00.000000000,06:00,22.7,76.1,54.2,Yes,63.0,8.8,No,Early Morning
2025-03-30T00:00:00.000000000,07:00,21.6,67.6,35.8,Yes,41.0,5.2,No,Morning
2025-04-02T00:00:00.000000000,06:00,29.4,79.3,11.8,No,8.7,-3.1,Yes,Early Morning
2025-03-27T00:00:00.000000000,09:00,24.2,89.0,31.9,Yes,35.9,4.0,No,Late Morning
2025-03-25T00:00:00.000000000,09:00,20.9,57.3,45.8,Yes,54.8,9.0,No,Late Morning
2025-04-02T00:00:00.000000000,08:00,22.4,83.3,14.7,Yes,17.6,2.9,Yes,Late Morning
2025-04-01T00:00:00.000000000,09:00,26.7,89.2,20.8,Yes,25.2,4.4,No,Late Morning
2025-03-27T00:00:00.000000000,08:00,29.6,56.7,45.0,No,33.1,-11.9,No,Late Morning
2025-03-29T00:00:00.000000000,07:00,28.4,59.5,48.3,Yes,59.6,11.3,No,Morning
2025-03-29T00:00:00.000000000,09:00,29.6,78.4,17.1,Yes,22.2,5.1,Yes,Late Morning
2025-04-01T00:00:00.000000000,08:00,24.9,61.4,59.4,No,51.6,-7.8,No,Late Morning
2025-03-30T00:00:00.000000000,08:00,26.2,89.0,37.2,Yes,48.0,10.8,No,Late Morning
2025-03-28T00:00:00.000000000,09:00,23.4,71.0,43.6,No,32.0,-11.6,No,Late Morning
2025-03-26T00:00:00.000000000,09:00,26.4,59.9,57.5,Yes,66.6,9.1,No,Late Morning
2025-04-01T00:00:00.000000000,08:00,26.3,83.9,58.2,Yes,69.7,11.5,No,Late Morning
2025-03-29T00:00:00.000000000,07:00,24.9,85.2,47.2,No,40.7,-6.5,No,Morning
2025-04-01T00:00:00.000000000,08:00,28.6,88.6,23.4,Yes,26.9,3.5,Yes,Late Morning
2025-03-29T00:00:00.000000000,07:00,28.8,83.2,26.0,Yes,32.5,6.5,No,Morning
2025-04-01T00:00:00.000000000,06:00,22.5,75.9,21.5,Yes,23.8,2.3,No,Early Morning
2025-03-28T00:00:00.000000000,08:00,26.5,78.9,12.2,Yes,15.5,3.3,Yes,Late Morning
2025-03-26T00:00:00.000000000,07:00,23.5,75.7,40.0,No,35.4,-4.6,No,Morning
2025-03-25T00:00:00.000000000,09:00,26.6,80.6,22.7,Yes,26.3,3.6,No,Late Morning
2025-04-01T00:00:00.000000000,07:00,25.3,61.7,46.5,No,43.1,-3.4,No,Morning
2025-03-28T00:00:00.000000000,06:00,25.0,73.4,10.7,No,4.3,-6.4,Yes,Early Morning
2025-04-02T00:00:00.000000000,09:00,28.5,73.4,53.9,No,47.7,-6.2,No,Late Morning
2025-03-31T00:00:00.000000000,08:00,28.3,59.6,43.7,Yes,50.6,6.9,No,Late Morning
2025-03-27T00:00:00.000000000,06:00,25.0,69.0,36.2,Yes,46.3,10.1,No,Early Morning
2025-03-25T00:00:00.000000000,08:00,30.7,60.1,52.2,Yes,67.0,14.8,No,Late Morning
2025-03-25T00:00:00.000000000,07:00,30.1,69.6,32.3,Yes,40.3,8.0,No,Morning
2025-03-31T00:00:00.000000000,07:00,21.3,88.5,44.6,Yes,52.5,7.9,No,Morning
2025-04-02T00:00:00.000000000,08:00,24.6,81.4,35.0,Yes,42.5,7.5,No,Late Morning
2025-04-01T00:00:00.000000000,07:00,22.7,50.5,44.4,Yes,51.0,6.6,No,Morning
2025-04-01T00:00:00.000000000,07:00,20.1,63.9,55.1,Yes,65.6,10.5,No,Morning
2025-03-31T00:00:00.000000000,08:00,27.3,78.1,57.9,Yes,68.8,10.9,No,Late Morning
2025-03-29T00:00:00.000000000,09:00,25.9,61.0,18.4,Yes,23.6,5.2,Yes,Late Morning
2025-03-31T00:00:00.000000000,07:00,22.9,76.8,27.1,No,19.8,-7.3,Yes,Morning
2025-03-31T00:00:00.000000000,09:00,22.5,81.6,47.1,No,36.2,-10.9,No,Late Morning
2025-03-30T00:00:00.000000000,06:00,21.0,56.5,54.0,No,50.3,-3.7,No,Early Morning
2025-03-29T00:00:00.000000000,09:00,23.4,59.4,59.3,No,51.3,-8.0,No,Late Morning
2025-04-01T00:00:00.000000000,07:00,28.1,86.2,49.4,Yes,60.5,11.1,No,Morning
2025-03-29T00:00:00.000000000,07:00,30.4,72.2,58.5,Yes,75.0,16.5,No,Morning
2025-03-30T00:00:00.000000000,09:00,22.3,62.1,27.0,Yes,31.4,4.4,No,Late Morning
2025-03-31T00:00:00.000000000,06:00,26.4,60.1,14.4,Yes,18.3,3.9,Yes,Early Morning
2025-03-25T00:00:00.000000000,07:00,20.6,55.9,32.2,No,24.8,-7.4,Yes,Morning
2025-03-28T00:00:00.000000000,06:00,25.4,81.0,37.6,No,33.7,-3.9,No,Early Morning
2025-03-28T00:00:00.000000000,08:00,20.7,66.4,53.2,Yes,64.4,11.2,No,Late Morning
2025-03-26T00:00:00.000000000,09:00,26.7,71.4,12.1,No,4.7,-7.4,Yes,Late Morning
2025-03-31T00:00:00.000000000,06:00,20.2,70.7,42.0,Yes,50.0,8.0,No,Early Morning
2025-03-27T00:00:00.000000000,07:00,24.5,61.4,48.9,Yes,61.8,12.9,No,Morning
2025-04-01T00:00:00.000000000,09:00,24.3,74.9,11.8,No,0.3,-11.5,Yes,Late Morning
2025-03-28T00:00:00.000000000,08:00,24.2,81.1,14.5,Yes,17.3,2.8,Yes,Late Morning
2025-03-30T00:00:00.000000000,06:00,20.5,80.0,39.4,Yes,45.4,6.0,No,Early Morning
2025-03-27T00:00:00.000000000,06:00,24.5,86.8,16.1,Yes,20.6,4.5,Yes,Early Morning
2025-04-01T00:00:00.000000000,08:00,20.9,53.4,25.1,Yes,28.6,3.5,No,Late Morning
2025-03-26T00:00:00.000000000,07:00,24.7,76.0,22.6,No,17.8,-4.8,Yes,Morning
2025-04-01T00:00:00.000000000,06:00,28.2,75.0,29.3,Yes,32.3,3.0,No,Early Morning
2025-03-26T00:00:00.000000000,06:00,25.5,52.2,18.3,Yes,20.7,2.4,Yes,Early Morning
2025-03-28T00:00:00.000000000,09:00,28.7,71.6,55.6,Yes,71.5,15.9,No,Late Morning
2025-03-30T00:00:00.000000000,07:00,25.0,84.3,49.9,No,43.5,-6.4,No,Morning
2025-03-29T00:00:00.000000000,06:00,25.0,82.6,29.9,Yes,38.6,8.7,No,Early Morning
2025-03-28T00:00:00.000000000,09:00,21.9,60.5,14.3,No,3.8,-10.5,Yes,Late Morning
2025-03-27T00:00:00.000000000,09:00,22.5,57.9,20.6,Yes,24.5,3.9,No,Late Morning
2025-04-01T00:00:00.000000000,07:00,29.2,85.8,34.6,No,28.8,-5.8,Yes,Morning
2025-03-30T00:00:00.000000000,07:00,30.6,71.2,17.7,No,12.0,-5.7,Yes,Morning
2025-04-02T00:00:00.000000000,09:00,29.9,89.6,18.4,No,10.3,-8.1,Yes,Late Morning
2025-03-25T00:00:00.000000000,07:00,22.4,68.9,39.3,No,32.9,-6.4,No,Morning
2025-03-27T00:00:00.000000000,06:00,25.0,84.2,30.0,Yes,36.8,6.8,No,Early Morning
2025-03-31T00:00:00.000000000,06:00,20.2,85.0,38.3,Yes,49.5,11.2,No,Early Morning
2025-03-28T00:00:00.000000000,09:00,23.2,80.7,44.5,Yes,50.2,5.7,No,Late Morning
2025-03-28T00:00:00.000000000,07:00,30.9,68.1,21.1,Yes,23.5,2.4,No,Morning
2025-03-29T00:00:00.000000000,09:00,29.4,87.9,58.9,Yes,66.7,7.8,No,Late Morning
2025-03-27T00:00:00.000000000,07:00,20.4,66.7,42.8,Yes,50.0,7.2,No,Morning
2025-03-25T00:00:00.000000000,07:00,21.4,65.4,35.0,Yes,38.9,3.9,No,Morning
2025-03-28T00:00:00.000000000,07:00,30.8,61.5,25.0,No,19.6,-5.4,Yes,Morning
2025-03-26T00:00:00.000000000,08:00,27.3,62.5,32.2,Yes,37.4,5.2,No,Late Morning
2025-03-27T00:00:00.000000000,07:00,20.4,83.1,52.8,No,46.1,-6.7,No,Morning
2025-03-31T00:00:00.000000000,09:00,29.4,62.2,52.8,Yes,61.4,8.6,No,Late Morning
2025-03-31T00:00:00.000000000,08:00,30.4,60.2,30.2,No,20.7,-9.5,Yes,Late Morning
2025-03-31T00:00:00.000000000,08:00,29.2,65.6,31.2,Yes,37.4,6.2,No,Late Morning
2025-03-28T00:00:00.000000000,09:00,26.9,78.3,26.6,Yes,31.2,4.6,No,Late Morning
2025-04-01T00:00:00.000000000,08:00,21.8,54.4,53.4,Yes,66.2,12.8,No,Late Morning
2025-03-25T00:00:00.000000000,06:00,29.6,79.6,58.4,No,51.4,-7.0,No,Early Morning
2025-03-25T00:00:00.000000000,09:00,21.9,71.2,53.9,No,43.9,-10.0,No,Late Morning
2025-03-29T00:00:00.000000000,06:00,23.7,85.7,39.8,Yes,44.8,5.0,No,Early Morning
2025-03-25T00:00:00.000000000,08:00,22.8,88.6,31.8,Yes,38.7,6.9,No,Late Morning
2025-03-29T00:00:00.000000000,07:00,28.2,84.6,38.4,Yes,45.7,7.3,No,Morning
2025-04-01T00:00:00.000000000,08:00,20.7,81.5,44.9,Yes,55.5,10.6,No,Late Morning
2025-03-28T00:00:00.000000000,06:00,20.5,77.0,53.3,No,48.8,-4.5,No,Early Morning
2025-03-31T00:00:00.000000000,08:00,27.3,88.4,34.5,Yes,44.5,10.0,No,Late Morning
2025-03-27T00:00:00.000000000,07:00,26.6,83.4,32.2,Yes,37.1,4.9,No,Morning
2025-04-02T00:00:00.000000000,06:00,28.3,88.8,26.0,Yes,32.2,6.2,No,Early Morning
2025-03-25T00:00:00.000000000,09:00,28.6,85.2,31.7,Yes,38.3,6.6,No,Late Morning
2025-03-28T00:00:00.000000000,07:00,26.7,84.6,21.6,No,14.6,-7.0,Yes,Morning
2025-04-01T00:00:00.000000000,07:00,23.0,85.4,17.1,Yes,19.0,1.9,Yes,Morning
2025-03-30T00:00:00.000000000,07:00,27.6,50.4,54.8,Yes,67.3,12.5,No,Morning
2025-03-27T00:00:00.000000000,07:00,24.1,72.7,41.2,Yes,53.1,11.9,No,Morning
2025-03-31T00:00:00.000000000,09:00,25.3,87.2,56.6,No,45.5,-11.1,No,Late Morning
2025-03-27T00:00:00.000000000,08:00,21.0,75.0,53.9,Yes,60.0,6.1,No,Late Morning
2025-03-28T00:00:00.000000000,06:00,29.5,84.5,20.1,No,12.5,-7.6,Yes,Early Morning
2025-03-28T00:00:00.000000000,06:00,21.0,84.1,42.0,No,38.0,-4.0,No,Early Morning
2025-03-31T00:00:00.000000000,06:00,29.9,58.8,21.1,Yes,25.8,4.7,No,Early Morning
2025-03-29T00:00:00.000000000,08:00,28.9,55.2,52.4,Yes,59.9,7.5,No,Late Morning
2025-03-26T00:00:00.000000000,07:00,25.5,76.7,28.2,No,23.9,-4.3,Yes,Morning
2025-03-26T00:00:00.000000000,08:00,23.4,56.0,45.6,No,37.0,-8.6,No,Late Morning
2025-04-02T00:00:00.000000000,08:00,22.3,85.9,45.4,No,39.4,-6.0,No,Late Morning
2025-03-25T00:00:00.000000000,06:00,30.1,65.8,56.1,Yes,69.6,13.5,No,Early Morning
2025-03-29T00:00:00.000000000,06:00,29.1,71.8,52.7,Yes,66.3,13.6,No,Early Morning
2025-03-31T00:00:00.000000000,08:00,24.8,63.1,28.9,Yes,37.5,8.6,No,Late Morning
2025-04-01T00:00:00.000000000,08:00,25.5,56.0,15.2,Yes,18.1,2.9,Yes,Late Morning
2025-03-26T00:00:00.000000000,08:00,26.3,54.9,21.2,No,14.4,-6.8,Yes,Late Morning
2025-03-25T00:00:00.000000000,06:00,22.4,86.6,48.4,No,40.8,-7.6,No,Early Morning
2025-03-25T00:00:00.000000000,09:00,20.1,67.4,23.1,Yes,29.0,5.9,No,Late Morning
2025-03-26T00:00:00.000000000,09:00,28.4,56.8,32.2,Yes,40.7,8.5,No,Late Morning
2025-03-30T00:00:00.000000000,08:00,27.1,74.6,38.1,Yes,42.2,4.1,No,Late Morning
2025-03-30T00:00:00.000000000,09:00,23.4,71.5,54.6,No,44.1,-10.5,No,Late Morning
2025-03-29T00:00:00.000000000,06:00,27.9,65.1,41.4,No,37.4,-4.0,No,Early Morning
2025-03-30T00:00:00.000000000,06:00,23.9,79.6,32.0,Yes,40.5,8.5,No,Early Morning
2025-03-31T00:00:00.000000000,07:00,21.5,67.8,12.6,Yes,15.0,2.4,Yes,Morning
2025-04-01T00:00:00.000000000,08:00,22.6,82.0,53.9,Yes,65.6,11.7,No,Late Morning
2025-03-28T00:00:00.000000000,07:00,20.6,67.2,12.4,No,8.1,-4.3,Yes,Morning
2025-03-25T00:00:00.000000000,06:00,28.5,68.0,59.7,Yes,77.0,17.3,No,Early Morning
2025-03-29T00:00:00.000000000,08:00,24.1,86.5,26.6,No,15.3,-11.3,Yes,Late Morning
2025-03-28T00:00:00.000000000,07:00,28.6,66.7,44.6,No,37.7,-6.9,No,Morning
2025-03-28T00:00:00.000000000,08:00,23.5,76.3,43.2,Yes,51.9,8.7,No,Late Morning
2025-03-25T00:00:00.000000000,08:00,26.5,79.0,27.9,Yes,32.5,4.6,No,Late Morning
2025-03-28T00:00:00.000000000,06:00,27.8,69.5,51.6,Yes,60.1,8.5,No,Early Morning
2025-03-25T00:00:00.000000000,07:00,28.5,55.4,57.2,Yes,71.6,14.4,No,Morning
2025-03-30T00:00:00.000000000,08:00,25.2,52.4,12.5,No,6.2,-6.3,Yes,Late Morning
2025-03-29T00:00:00.000000000,09:00,23.5,78.8,47.7,Yes,60.6,12.9,No,Late Morning
2025-04-01T00:00:00.000000000,09:00,21.8,53.6,57.2,No,47.0,-10.2,No,Late Morning
2025-03-26T00:00:00.000000000,09:00,24.1,79.8,36.7,Yes,40.9,4.2,No,Late Morning
2025-03-30T00:00:00.000000000,08:00,23.5,75.2,58.1,No,49.2,-8.9,No,Late Morning
2025-03-28T00:00:00.000000000,07:00,30.7,86.4,17.5,No,10.1,-7.4,Yes,Morning
2025-03-28T00:00:00.000000000,08:00,21.4,61.2,35.9,No,24.2,-11.7,Yes,Late Morning
2025-03-25T00:00:00.000000000,08:00,27.4,58.8,24.5,No,17.2,-7.3,Yes,Late Morning
2025-03-31T00:00:00.000000000,07:00,30.0,71.9,19.7,Yes,21.7,2.0,Yes,Morning
2025-04-01T00:00:00.000000000,08:00,30.1,51.6,23.3,Yes,28.6,5.3,Yes,Late Morning
2025-03-28T00:00:00.000000000,09:00,27.9,63.2,49.8,No,38.5,-11.3,No,Late Morning
2025-03-25T00:00:00.000000000,09:00,22.3,57.4,50.1,Yes,64.1,14.0,No,Late Morning
2025-03-30T00:00:00.000000000,07:00,28.1,88.5,32.7,Yes,37.4,4.7,No,Morning
2025-03-25T00:00:00.000000000,06:00,23.0,71.5,37.9,Yes,42.2,4.3,No,Early Morning
2025-03-28T00:00:00.000000000,09:00,20.5,59.4,23.6,No,15.5,-8.1,Yes,Late Morning
2025-03-29T00:00:00.000000000,08:00,28.9,53.9,22.8,Yes,26.2,3.4,No,Late Morning
2025-03-29T00:00:00.000000000,06:00,28.4,61.7,50.9,Yes,62.7,11.8,No,Early Morning
2025-03-28T00:00:00.000000000,07:00,27.6,71.8,34.6,Yes,43.4,8.8,No,Morning
2025-03-30T00:00:00.000000000,08:00,28.0,85.0,30.3,Yes,36.0,5.7,No,Late Morning
2025-03-25T00:00:00.000000000,09:00,25.4,65.3,19.7,Yes,23.4,3.7,No,Late Morning
2025-04-01T00:00:00.000000000,08:00,28.4,52.6,29.7,No,23.1,-6.6,Yes,Late Morning
2025-03-29T00:00:00.000000000,06:00,25.8,83.9,19.2,No,15.4,-3.8,Yes,Early Morning
2025-03-28T00:00:00.000000000,06:00,20.6,72.2,44.5,Yes,51.0,6.5,No,Early Morning
2025-03-26T00:00:00.000000000,06:00,25.8,67.9,59.9,Yes,69.8,9.9,No,Early Morning
2025-03-31T00:00:00.000000000,08:00,28.7,54.4,56.5,No,47.4,-9.1,No,Late Morning
2025-03-30T00:00:00.000000000,07:00,21.4,60.6,44.2,Yes,53.4,9.2,No,Morning
2025-03-26T00:00:00.000000000,07:00,24.5,74.7,52.3,Yes,67.0,14.7,No,Morning
2025-03-27T00:00:00.000000000,08:00,26.1,86.0,28.1,Yes,33.3,5.2,No,Late Morning
2025-04-01T00:00:00.000000000,09:00,27.3,55.5,36.0,Yes,43.7,7.7,No,Late Morning
2025-04-02T00:00:00.000000000,06:00,20.1,65.9,52.3,Yes,60.9,8.6,No,Early Morning
2025-03-31T00:00:00.000000000,08:00,29.8,79.7,49.0,Yes,56.3,7.3,No,Late Morning
2025-04-02T00:00:00.000000000,09:00,23.0,84.5,29.2,No,21.4,-7.8,Yes,Late Morning
2025-03-26T00:00:00.000000000,07:00,24.0,53.7,50.8,Yes,60.9,10.1,No,Morning
2025-04-02T00:00:00.000000000,08:00,28.4,57.9,26.6,Yes,34.6,8.0,No,Late Morning
2025-03-30T00:00:00.000000000,08:00,30.7,75.9,30.9,Yes,36.4,5.5,No,Late Morning
2025-03-27T00:00:00.000000000,07:00,23.6,84.9,49.4,Yes,62.3,12.9,No,Morning
2025-03-27T00:00:00.000000000,07:00,23.0,65.4,14.4,Yes,16.2,1.8,Yes,Morning
2025-04-02T00:00:00.000000000,06:00,20.2,52.5,30.4,Yes,38.3,7.9,No,Early Morning
2025-03-28T00:00:00.000000000,09:00,22.5,73.3,57.2,Yes,69.0,11.8,No,Late Morning
2025-03-29T00:00:00.000000000,07:00,26.1,85.6,20.9,No,15.1,-5.8,Yes,Morning
2025-03-31T00:00:00.000000000,07:00,20.6,50.4,41.5,No,34.5,-7.0,No,Morning
2025-03-27T00:00:00.000000000,07:00,28.6,54.2,12.9,No,9.8,-3.1,Yes,Morning
2025-03-25T00:00:00.000000000,07:00,27.1,51.0,46.7,No,40.3,-6.4,No,Morning
2025-03-26T00:00:00.000000000,08:00,28.9,82.7,40.5,No,30.9,-9.6,No,Late Morning
2025-03-27T00:00:00.000000000,07:00,20.0,50.9,48.7,No,45.0,-3.7,No,Morning
2025-03-31T00:00:00.000000000,08:00,22.1,73.7,51.9,No,40.3,-11.6,No,Late Morning
2025-04-01T00:00:00.000000000,08:00,24.2,72.2,55.0,No,43.0,-12.0,No,Late Morning
2025-03-29T00:00:00.000000000,09:00,23.0,88.7,48.2,Yes,60.6,12.4,No,Late Morning
2025-03-25T00:00:00.000000000,08:00,25.9,54.9,44.4,Yes,50.1,5.7,No,Late Morning
2025-03-27T00:00:00.000000000,06:00,21.6,89.0,34.9,Yes,42.4,7.5,No,Early Morning
2025-04-01T00:00:00.000000000,07:00,26.1,66.6,56.2,Yes,67.9,11.7,No,Morning
2025-03-31T00:00:00.000000000,07:00,27.5,84.2,15.4,Yes,18.0,2.6,Yes,Morning
2025-03-30T00:00:00.000000000,06:00,28.7,62.2,35.0,Yes,43.3,8.3,No,Early Morning
2025-04-02T00:00:00.000000000,07:00,27.0,84.4,16.2,Yes,20.1,3.9,Yes,Morning
2025-03-25T00:00:00.000000000,09:00,22.5,66.9,27.6,No,21.5,-6.1,Yes,Late Morning
2025-03-31T00:00:00.000000000,07:00,28.9,66.1,44.0,No,38.7,-5.3,No,Morning
2025-03-28T00:00:00.000000000,09:00,27.8,58.7,14.3,Yes,17.2,2.9,Yes,Late Morning
2025-03-29T00:00:00.000000000,09:00,21.6,68.1,22.5,Yes,28.8,6.3,No,Late Morning
2025-03-27T00:00:00.000000000,07:00,21.0,50.2,23.8,Yes,27.8,4.0,Yes,Morning
2025-03-26T00:00:00.000000000,06:00,21.6,52.8,39.7,No,31.9,-7.8,No,Early Morning
2025-03-25T00:00:00.000000000,06:00,28.5,81.5,41.9,No,34.4,-7.5,No,Early Morning
2025-03-31T00:00:00.000000000,07:00,25.5,59.2,27.2,Yes,30.3,3.1,No,Morning
2025-03-29T00:00:00.000000000,07:00,24.6,73.0,11.4,Yes,13.1,1.7,Yes,Morning
2025-03-30T00:00:00.000000000,07:00,21.2,65.6,53.6,Yes,64.0,10.4,No,Morning
2025-03-25T00:00:00.000000000,06:00,23.9,66.6,58.5,Yes,75.6,17.1,No,Early Morning
2025-03-26T00:00:00.000000000,09:00,23.4,77.0,36.6,No,27.5,-9.1,Yes,Late Morning
2025-03-31T00:00:00.000000000,07:00,23.4,56.0,42.9,No,37.8,-5.1,No,Morning
2025-03-31T00:00:00.000000000,09:00,23.6,85.0,23.7,Yes,26.4,2.7,No,Late Morning
2025-03-31T00:00:00.000000000,07:00,23.5,84.3,39.3,No,31.6,-7.7,No,Morning
2025-03-30T00:00:00.000000000,07:00,20.3,60.3,31.8,Yes,36.5,4.7,No,Morning
2025-03-25T00:00:00.000000000,07:00,23.6,55.2,27.4,Yes,32.7,5.3,No,Morning
2025-04-01T00:00:00.000000000,06:00,25.4,52.3,19.9,No,12.7,-7.2,Yes,Early Morning
2025-03-27T00:00:00.000000000,07:00,27.8,62.5,22.0,Yes,25.2,3.2,Yes,Morning
2025-03-30T00:00:00.000000000,07:00,29.0,88.6,41.1,Yes,51.5,10.4,No,Morning
2025-03-28T00:00:00.000000000,07:00,24.2,68.2,16.3,No,12.1,-4.2,Yes,Morning
2025-03-28T00:00:00.000000000,07:00,25.4,59.2,39.4,No,35.7,-3.7,No,Morning
2025-03-25T00:00:00.000000000,06:00,25.4,58.7,26.9,No,23.3,-3.6,Yes,Early Morning
2025-03-28T00:00:00.000000000,09:00,24.2,66.6,23.1,Yes,25.7,2.6,No,Late Morning
2025-03-29T00:00:00.000000000,09:00,29.5,64.1,11.3,Yes,13.1,1.8,Yes,Late Morning
2025-04-02T00:00:00.000000000,07:00,22.4,66.5,58.5,No,52.5,-6.0,No,Morning
2025-03-29T00:00:00.000000000,07:00,25.2,76.9,18.2,Yes,22.8,4.6,Yes,Morning
2025-03-28T00:00:00.000000000,09:00,20.4,83.7,10.6,No,3.1,-7.5,Yes,Late Morning
2025-03-26T00:00:00.000000000,09:00,22.3,81.4,57.6,Yes,66.2,8.6,No,Late Morning
2025-04-02T00:00:00.000000000,08:00,23.3,81.7,14.7,Yes,19.0,4.3,Yes,Late Morning
2025-03-29T00:00:00.000000000,08:00,29.2,54.3,41.9,No,35.2,-6.7,No,Late Morning
2025-03-26T00:00:00.000000000,09:00,26.2,89.0,47.2,Yes,56.1,8.9,No,Late Morning
2025-03-30T00:00:00.000000000,06:00,26.9,79.9,48.1,Yes,54.8,6.7,No,Early Morning
2025-03-29T00:00:00.000000000,06:00,29.4,61.1,35.2,Yes,43.2,8.0,No,Early Morning
2025-03-31T00:00:00.000000000,06:00,30.9,86.1,21.3,Yes,24.1,2.8,Yes,Early Morning
2025-04-02T00:00:00.000000000,09:00,21.4,81.7,48.5,Yes,59.1,10.6,No,Late Morning
2025-04-02T00:00:00.000000000,08:00,28.0,54.1,46.8,No,34.9,-11.9,No,Late Morning
2025-04-02T00:00:00.000000000,08:00,20.1,63.0,26.4,Yes,29.8,3.4,No,Late Morning
2025-04-01T00:00:00.000000000,08:00,25.8,69.8,59.8,No,52.0,-7.8,No,Late Morning
2025-03-31T00:00:00.000000000,09:00,20.6,70.7,14.6,Yes,16.1,1.5,Yes,Late Morning
2025-03-27T00:00:00.000000000,06:00,25.6,68.6,58.4,No,53.0,-5.4,No,Early Morning
2025-03-26T00:00:00.000000000,08:00,30.3,75.1,23.6,No,15.1,-8.5,Yes,Late Morning
2025-04-01T00:00:00.000000000,06:00,25.4,72.4,41.7,Yes,53.5,11.8,No,Early Morning
2025-04-01T00:00:00.000000000,06:00,29.5,61.2,49.4,No,41.8,-7.6,No,Early Morning
2025-04-01T00:00:00.000000000,08:00,21.3,88.5,40.1,No,33.4,-6.7,No,Late Morning
2025-03-28T00:00:00.000000000,08:00,27.4,71.5,48.1,Yes,62.0,13.9,No,Late Morning
2025-03-30T00:00:00.000000000,07:00,26.3,63.8,17.0,Yes,19.3,2.3,Yes,Morning
2025-03-28T00:00:00.000000000,08:00,21.9,56.4,47.1,No,37.6,-9.5,No,Late Morning
2025-03-26T00:00:00.000000000,07:00,22.0,72.6,10.9,Yes,13.2,2.3,Yes,Morning
2025-03-29T00:00:00.000000000,07:00,23.5,63.0,26.9,Yes,32.5,5.6,No,Morning
2025-04-01T00:00:00.000000000,06:00,24.1,59.2,53.2,No,45.8,-7.4,No,Early Morning
2025-03-31T00:00:00.000000000,06:00,22.1,56.6,22.0,Yes,27.6,5.6,No,Early Morning
2025-03-28T00:00:00.000000000,06:00,22.3,54.5,14.2,No,10.4,-3.8,Yes,Early Morning
2025-04-02T00:00:00.000000000,06:00,21.5,72.6,17.2,No,12.9,-4.3,Yes,Early Morning
2025-03-31T00:00:00.000000000,06:00,29.8,66.3,51.3,Yes,57.5,6.2,No,Early Morning
2025-03-26T00:00:00.000000000,09:00,30.2,87.0,13.6,Yes,15.3,1.7,Yes,Late Morning
2025-03-26T00:00:00.000000000,08:00,29.9,74.8,54.5,Yes,62.3,7.8,No,Late Morning
2025-04-01T00:00:00.000000000,06:00,20.3,63.4,36.9,Yes,44.5,7.6,No,Early Morning
2025-04-02T00:00:00.000000000,09:00,30.0,76.5,38.8,No,29.3,-9.5,No,Late Morning
2025-03-29T00:00:00.000000000,06:00,29.1,79.3,52.1,Yes,62.0,9.9,No,Early Morning
2025-03-30T00:00:00.000000000,06:00,29.8,84.3,12.4,No,8.1,-4.3,Yes,Early Morning
2025-03-25T00:00:00.000000000,08:00,22.2,63.6,36.2,Yes,40.6,4.4,No,Late Morning
2025-04-01T00:00:00.000000000,09:00,20.9,64.7,22.2,Yes,26.9,4.7,Yes,Late Morning
2025-03-29T00:00:00.000000000,08:00,26.2,82.5,54.3,No,45.4,-8.9,No,Late Morning
2025-03-28T00:00:00.000000000,06:00,24.5,79.2,20.7,No,14.1,-6.6,Yes,Early Morning
2025-03-29T00:00:00.000000000,09:00,21.5,67.4,58.4,Yes,64.4,6.0,No,Late Morning
2025-03-25T00:00:00.000000000,08:00,29.0,80.9,35.7,Yes,40.1,4.4,No,Late Morning
2025-03-31T00:00:00.000000000,06:00,22.3,78.0,10.5,Yes,13.1,2.6,Yes,Early Morning
2025-04-02T00:00:00.000000000,09:00,30.9,66.2,24.1,Yes,27.1,3.0,No,Late Morning
2025-03-31T00:00:00.000000000,08:00,25.7,82.3,34.8,Yes,40.8,6.0,No,Late Morning
2025-03-28T00:00:00.000000000,08:00,27.7,55.1,43.0,No,36.7,-6.3,No,Late Morning
2025-03-31T00:00:00.000000000,06:00,28.4,89.5,19.9,Yes,23.3,3.4,Yes,Early Morning
2025-03-26T00:00:00.000000000,08:00,27.8,70.2,48.7,No,36.9,-11.8,No,Late Morning
2025-03-30T00:00:00.000000000,08:00,21.2,84.3,44.1,Yes,55.6,11.5,No,Late Morning
2025-03-27T00:00:00.000000000,06:00,28.8,57.1,23.8,No,20.5,-3.3,Yes,Early Morning
2025-04-02T00:00:00.000000000,07:00,26.0,79.6,30.2,Yes,38.7,8.5,No,Morning
2025-03-27T00:00:00.000000000,09:00,30.9,67.8,55.8,No,43.8,-12.0,No,Late Morning
2025-03-25T00:00:00.000000000,07:00,24.3,65.1,59.7,No,53.3,-6.4,No,Morning
2025-03-31T00:00:00.000000000,08:00,29.2,66.9,39.5,Yes,48.5,9.0,No,Late Morning
2025-03-28T00:00:00.000000000,08:00,27.7,84.0,23.1,Yes,25.6,2.5,Yes,Late Morning
2025-04-02T00:00:00.000000000,09:00,26.8,57.1,49.1,Yes,57.7,8.6,No,Late Morning
2025-03-27T00:00:00.000000000,08:00,30.2,85.8,14.9,Yes,18.6,3.7,Yes,Late Morning
2025-04-02T00:00:00.000000000,06:00,27.4,76.3,15.8,Yes,19.2,3.4,Yes,Early Morning
2025-03-31T00:00:00.000000000,09:00,26.5,57.6,34.1,Yes,42.9,8.8,No,Late Morning
2025-03-30T00:00:00.000000000,08:00,29.5,50.2,19.1,No,7.4,-11.7,Yes,Late Morning
2025-03-26T00:00:00.000000000,07:00,23.1,74.7,52.8,Yes,59.1,6.3,No,Morning
2025-03-27T00:00:00.000000000,06:00,27.1,60.7,34.9,No,29.3,-5.6,Yes,Early Morning
2025-03-27T00:00:00.000000000,08:00,25.6,79.0,39.4,Yes,50.8,11.4,No,Late Morning
2025-03-30T00:00:00.000000000,06:00,28.5,59.4,30.6,Yes,35.9,5.3,No,Early Morning
2025-03-27T00:00:00.000000000,08:00,27.5,85.4,15.9,Yes,18.1,2.2,Yes,Late Morning
2025-03-27T00:00:00.000000000,06:00,28.0,70.0,35.8,Yes,42.3,6.5,No,Early Morning
2025-03-28T00:00:00.000000000,06:00,23.3,89.2,24.5,Yes,27.7,3.2,No,Early Morning
2025-04-02T00:00:00.000000000,08:00,25.4,78.7,32.2,No,23.0,-9.2,Yes,Late Morning
2025-03-27T00:00:00.000000000,07:00,29.1,77.9,34.3,No,28.4,-5.9,Yes,Morning
2025-03-30T00:00:00.000000000,06:00,27.7,54.7,16.8,Yes,18.7,1.9,Yes,Early Morning
2025-04-02T00:00:00.000000000,08:00,22.9,88.3,48.8,Yes,58.4,9.6,No,Late Morning
2025-03-30T00:00:00.000000000,09:00,27.8,67.8,44.8,Yes,53.9,9.1,No,Late Morning
2025-03-26T00:00:00.000000000,07:00,29.4,54.3,24.1,No,18.2,-5.9,Yes,Morning
2025-03-26T00:00:00.000000000,06:00,29.6,85.6,10.4,Yes,11.8,1.4,Yes,Early Morning
2025-03-25T00:00:00.000000000,09:00,23.2,76.2,18.5,No,8.6,-9.9,Yes,Late Morning
2025-03-30T00:00:00.000000000,06:00,25.7,70.5,26.8,Yes,32.1,5.3,No,Early Morning
2025-03-31T00:00:00.000000000,08:00,22.2,82.8,51.5,Yes,59.6,8.1,No,Late Morning
2025-03-25T00:00:00.000000000,08:00,23.2,63.5,28.6,Yes,31.9,3.3,No,Late Morning
2025-03-28T00:00:00.000000000,09:00,30.3,71.8,11.7,No,4.2,-7.5,Yes,Late Morning
2025-03-25T00:00:00.000000000,08:00,27.5,50.3,42.0,No,33.6,-8.4,No,Late Morning
2025-03-31T00:00:00.000000000,06:00,26.0,89.3,16.7,Yes,20.4,3.7,Yes,Early Morning
2025-04-01T00:00:00.000000000,06:00,22.2,89.7,13.8,No,9.7,-4.1,Yes,Early Morning
2025-04-01T00:00:00.000000000,07:00,21.5,60.7,29.4,No,21.9,-7.5,Yes,Morning
2025-03-30T00:00:00.000000000,08:00,24.2,88.6,55.6,Yes,71.6,16.0,No,Late Morning
2025-03-25T00:00:00.000000000,06:00,26.1,59.0,30.7,No,25.7,-5.0,Yes,Early Morning
2025-03-29T00:00:00.000000000,07:00,23.1,80.3,45.3,No,42.2,-3.1,No,Morning
2025-03-30T00:00:00.000000000,06:00,28.5,64.7,21.6,No,13.9,-7.7,Yes,Early Morning
2025-03-28T00:00:00.000000000,09:00,27.2,74.2,14.6,No,5.6,-9.0,Yes,Late Morning
2025-04-01T00:00:00.000000000,07:00,30.3,59.3,20.3,No,13.5,-6.8,Yes,Morning
2025-03-26T00:00:00.000000000,06:00,24.5,50.7,23.1,Yes,28.4,5.3,No,Early Morning
2025-04-02T00:00:00.000000000,08:00,22.2,78.3,28.7,Yes,33.4,4.7,No,Late Morning
2025-03-31T00:00:00.000000000,06:00,23.6,82.2,29.1,No,24.7,-4.4,Yes,Early Morning
2025-03-30T00:00:00.000000000,07:00,21.3,64.4,37.0,Yes,47.0,10.0,No,Morning
2025-04-01T00:00:00.000000000,06:00,26.4,78.1,34.4,Yes,38.2,3.8,No,Early Morning
2025-03-29T00:00:00.000000000,08:00,25.7,75.5,24.8,Yes,27.3,2.5,No,Late Morning
2025-03-26T00:00:00.000000000,06:00,29.3,89.2,10.8,Yes,13.3,2.5,Yes,Early Morning
2025-04-01T00:00:00.000000000,06:00,21.2,64.4,39.6,Yes,50.4,10.8,No,Early Morning
2025-03-30T00:00:00.000000000,09:00,22.7,50.9,55.1,Yes,71.0,15.9,No,Late Morning
2025-03-30T00:00:00.000000000,07:00,28.5,72.2,19.1,No,11.6,-7.5,Yes,Morning
2025-03-31T00:00:00.000000000,07:00,20.6,78.8,28.1,Yes,35.4,7.3,No,Morning
2025-04-01T00:00:00.000000000,08:00,25.6,90.0,35.4,Yes,45.1,9.7,No,Late Morning
2025-03-31T00:00:00.000000000,07:00,22.4,53.3,34.2,No,30.1,-4.1,Yes,Morning
2025-03-29T00:00:00.000000000,08:00,28.3,82.2,34.7,No,27.9,-6.8,Yes,Late Morning
2025-04-01T00:00:00.000000000,09:00,20.6,71.2,46.8,Yes,60.2,13.4,No,Late Morning
2025-04-02T00:00:00.000000000,07:00,25.8,53.9,54.1,Yes,67.3,13.2,No,Morning
2025-03-26T00:00:00.000000000,07:00,28.1,66.4,21.3,Yes,23.9,2.6,No,Morning
2025-03-27T00:00:00.000000000,09:00,21.9,86.0,50.5,Yes,57.8,7.3,No,Late Morning
2025-04-02T00:00:00.000000000,09:00,25.8,61.4,54.8,Yes,67.4,12.6,No,Late Morning
2025-03-27T00:00:00.000000000,06:00,22.5,81.3,11.7,Yes,14.2,2.5,Yes,Early Morning
2025-03-29T00:00:00.000000000,09:00,27.3,81.2,35.8,No,25.7,-10.1,Yes,Late Morning
2025-03-26T00:00:00.000000000,06:00,24.8,61.5,41.6,No,34.2,-7.4,No,Early Morning
2025-04-01T00:00:00.000000000,06:00,21.3,54.9,45.3,No,40.6,-4.7,No,Early Morning
2025-03-26T00:00:00.000000000,06:00,27.5,88.4,17.2,No,11.7,-5.5,Yes,Early Morning
2025-03-30T00:00:00.000000000,07:00,20.3,55.4,20.2,Yes,26.1,5.9,Yes,Morning
2025-03-27T00:00:00.000000000,07:00,29.1,51.5,24.7,No,17.8,-6.9,Yes,Morning
2025-04-02T00:00:00.000000000,08:00,28.5,88.0,59.4,Yes,68.1,8.7,No,Late Morning
2025-03-26T00:00:00.000000000,08:00,26.9,70.2,25.8,Yes,33.1,7.3,No,Late Morning
2025-04-01T00:00:00.000000000,08:00,24.0,86.8,42.4,No,34.9,-7.5,No,Late Morning
2025-04-01T00:00:00.000000000,08:00,28.2,56.1,54.6,Yes,62.3,7.7,No,Late Morning
2025-03-29T00:00:00.000000000,07:00,21.6,73.3,58.7,Yes,72.5,13.8,No,Morning
2025-03-25T00:00:00.000000000,06:00,21.5,71.8,17.3,Yes,21.5,4.2,Yes,Early Morning
2025-04-01T00:00:00.000000000,09:00,22.3,61.6,55.8,Yes,61.7,5.9,No,Late Morning
2025-03-26T00:00:00.000000000,07:00,27.0,71.5,20.0,Yes,23.5,3.5,Yes,Morning
2025-03-27T00:00:00.000000000,08:00,20.8,55.2,21.0,No,11.2,-9.8,Yes,Late Morning
2025-03-27T00:00:00.000000000,07:00,20.5,58.3,19.1,Yes,21.9,2.8,No,Morning
2025-03-26T00:00:00.000000000,08:00,27.5,58.6,14.3,No,6.7,-7.6,Yes,Late Morning
2025-04-02T00:00:00.000000000,08:00,20.9,80.2,43.4,No,34.6,-8.8,No,Late Morning
2025-03-27T00:00:00.000000000,09:00,27.2,67.1,42.9,No,33.4,-9.5,No,Late Morning
2025-03-25T00:00:00.000000000,07:00,20.5,79.8,45.0,Yes,56.0,11.0,No,Morning
2025-04-01T00:00:00.000000000,08:00,25.8,83.4,34.5,No,27.6,-6.9,Yes,Late Morning
2025-03-29T00:00:00.000000000,09:00,24.3,53.6,21.9,No,10.1,-11.8,Yes,Late Morning
2025-03-31T00:00:00.000000000,09:00,26.9,88.6,21.5,No,12.6,-8.9,Yes,Late Morning
2025-03-26T00:00:00.000000000,06:00,28.8,70.4,36.4,No,29.7,-6.7,Yes,Early Morning
2025-03-25T00:00:00.000000000,09:00,26.9,65.7,36.3,No,28.4,-7.9,Yes,Late Morning
2025-03-27T00:00:00.000000000,06:00,20.8,83.9,26.2,Yes,32.9,6.7,No,Early Morning
2025-04-02T00:00:00.000000000,08:00,23.8,78.9,12.4,No,4.2,-8.2,Yes,Late Morning
2025-03-29T00:00:00.000000000,07:00,30.1,53.7,55.6,Yes,63.0,7.4,No,Morning
2025-03-27T00:00:00.000000000,07:00,27.3,73.9,46.7,Yes,52.4,5.7,No,Morning
2025-03-29T00:00:00.000000000,07:00,27.4,73.8,43.5,Yes,55.5,12.0,No,Morning
2025-03-27T00:00:00.000000000,06:00,30.1,65.3,39.4,Yes,44.1,4.7,No,Early Morning
2025-03-31T00:00:00.000000000,08:00,27.1,72.2,53.6,Yes,63.4,9.8,No,Late Morning
2025-04-02T00:00:00.000000000,08:00,20.5,75.6,33.3,No,25.7,-7.6,Yes,Late Morning
2025-03-31T00:00:00.000000000,06:00,23.1,63.9,15.6,No,10.0,-5.6,Yes,Early Morning
2025-03-27T00:00:00.000000000,09:00,20.8,70.5,18.4,Yes,22.4,4.0,Yes,Late Morning
2025-03-26T00:00:00.000000000,09:00,29.2,55.4,52.7,No,42.4,-10.3,No,Late Morning
2025-03-26T00:00:00.000000000,08:00,26.1,69.3,34.8,Yes,39.3,4.5,No,Late Morning
2025-04-02T00:00:00.000000000,09:00,25.7,80.7,49.1,Yes,55.8,6.7,No,Late Morning
2025-03-25T00:00:00.000000000,07:00,24.4,51.2,59.3,No,55.6,-3.7,No,Morning
2025-04-01T00:00:00.000000000,09:00,28.0,83.9,10.3,Yes,13.1,2.8,Yes,Late Morning
2025-03-30T00:00:00.000000000,07:00,22.5,84.0,33.3,Yes,41.1,7.8,No,Morning
2025-03-31T00:00:00.000000000,08:00,21.1,69.5,48.3,No,38.6,-9.7,No,Late Morning
2025-04-01T00:00:00.000000000,08:00,23.7,65.4,14.3,No,2.7,-11.6,Yes,Late Morning
2025-03-31T00:00:00.000000000,06:00,26.8,57.9,57.7,Yes,64.9,7.2,No,Early Morning
2025-03-31T00:00:00.000000000,09:00,21.8,77.4,26.1,No,15.5,-10.6,Yes,Late Morning
2025-03-30T00:00:00.000000000,09:00,25.7,67.4,18.1,No,11.5,-6.6,Yes,Late Morning
2025-03-26T00:00:00.000000000,06:00,29.7,77.1,26.2,No,23.0,-3.2,Yes,Early Morning
2025-03-25T00:00:00.000000000,07:00,28.2,65.6,19.2,Yes,22.5,3.3,Yes,Morning
2025-03-30T00:00:00.000000000,09:00,28.3,89.1,24.3,Yes,28.0,3.7,Yes,Late Morning
2025-03-25T00:00:00.000000000,06:00,30.0,87.4,25.1,Yes,31.5,6.4,No,Early Morning
2025-03-29T00:00:00.000000000,09:00,27.9,86.9,45.3,Yes,54.2,8.9,No,Late Morning
2025-03-30T00:00:00.000000000,06:00,24.2,70.1,49.2,Yes,62.0,12.8,No,Early Morning
2025-03-30T00:00:00.000000000,07:00,29.5,56.7,39.0,No,35.7,-3.3,No,Morning
2025-03-29T00:00:00.000000000,09:00,23.6,50.1,27.3,Yes,30.3,3.0,No,Late Morning
2025-03-25T00:00:00.000000000,07:00,29.9,83.4,55.7,Yes,63.3,7.6,No,Morning
2025-03-25T00:00:00.000000000,06:00,26.1,76.1,26.6,No,21.5,-5.1,Yes,Early Morning
2025-03-26T00:00:00.000000000,08:00,26.8,57.4,59.5,Yes,70.4,10.9,No,Late Morning
2025-03-27T00:00:00.000000000,09:00,22.5,82.1,28.0,Yes,36.1,8.1,No,Late Morning
2025-03-26T00:00:00.000000000,06:00,21.1,64.8,19.0,No,13.0,-6.0,Yes,Early Morning
2025-03-29T00:00:00.000000000,09:00,26.9,64.4,42.8,Yes,49.8,7.0,No,Late Morning
2025-04-02T00:00:00.000000000,07:00,20.4,80.8,27.4,Yes,34.3,6.9,No,Morning
2025-03-26T00:00:00.000000000,08:00,25.2,87.6,10.1,No,3.5,-6.6,Yes,Late Morning
2025-03-28T00:00:00.000000000,08:00,30.7,62.0,20.9,Yes,26.7,5.8,No,Late Morning
2025-03-29T00:00:00.000000000,06:00,30.8,62.5,37.4,Yes,44.3,6.9,No,Early Morning
2025-03-25T00:00:00.000000000,07:00,24.5,66.1,46.1,Yes,56.6,10.5,No,Morning
2025-03-30T00:00:00.000000000,06:00,30.7,50.1,30.5,Yes,35.7,5.2,No,Early Morning
2025-04-02T00:00:00.000000000,08:00,25.7,83.8,37.9,No,28.2,-9.7,No,Late Morning
2025-04-02T00:00:00.000000000,08:00,27.9,54.9,46.4,No,38.3,-8.1,No,Late Morning
2025-03-27T00:00:00.000000000,06:00,30.0,81.6,36.0,Yes,40.1,4.1,No,Early Morning
2025-03-31T00:00:00.000000000,09:00,30.1,69.8,59.1,Yes,73.3,14.2,No,Late Morning
2025-03-27T00:00:00.000000000,07:00,26.1,86.2,11.3,Yes,14.3,3.0,Yes,Morning
2025-03-26T00:00:00.000000000,07:00,23.1,68.9,16.9,No,9.5,-7.4,Yes,Morning
2025-04-01T00:00:00.000000000,09:00,25.1,56.8,47.0,No,37.4,-9.6,No,Late Morning
2025-03-25T00:00:00.000000000,07:00,25.6,65.2,45.2,Yes,52.3,7.1,No,Morning
2025-03-27T00:00:00.000000000,08:00,22.6,86.7,25.9,Yes,33.5,7.6,No,Late Morning
2025-04-01T00:00:00.000000000,06:00,28.3,87.9,15.0,No,8.6,-6.4,Yes,Early Morning
2025-03-26T00:00:00.000000000,08:00,24.5,87.1,37.2,Yes,48.2,11.0,No,Late Morning
2025-04-01T00:00:00.000000000,06:00,25.8,86.0,45.1,No,38.1,-7.0,No,Early Morning
2025-04-02T00:00:00.000000000,07:00,27.1,62.2,16.4,No,13.3,-3.1,Yes,Morning
2025-03-25T00:00:00.000000000,06:00,28.8,52.2,53.9,No,47.0,-6.9,No,Early Morning
2025-03-31T00:00:00.000000000,07:00,22.1,74.5,13.3,Yes,15.8,2.5,Yes,Morning
2025-03-26T00:00:00.000000000,07:00,20.1,67.4,17.8,Yes,22.3,4.5,No,Morning
2025-03-25T00:00:00.000000000,09:00,26.7,77.2,26.9,Yes,34.1,7.2,No,Late Morning
2025-03-29T00:00:00.000000000,08:00,25.3,80.1,51.6,Yes,62.6,11.0,No,Late Morning
2025-03-25T00:00:00.000000000,09:00,22.0,53.4,49.1,Yes,58.2,9.1,No,Late Morning
2025-03-28T00:00:00.000000000,06:00,22.5,83.3,21.0,Yes,25.4,4.4,No,Early Morning
2025-03-30T00:00:00.000000000,09:00,29.8,58.7,52.0,Yes,65.8,13.8,No,Late Morning
2025-03-25T00:00:00.000000000,06:00,28.1,79.2,58.0,Yes,74.2,16.2,No,Early Morning
2025-03-27T00:00:00.000000000,06:00,20.9,76.7,59.5,No,55.4,-4.1,No,Early Morning
2025-03-26T00:00:00.000000000,09:00,25.4,77.9,40.5,Yes,50.2,9.7,No,Late Morning
2025-03-27T00:00:00.000000000,08:00,29.0,62.9,50.1,Yes,60.9,10.8,No,Late Morning
2025-03-30T00:00:00.000000000,06:00,30.2,88.8,21.0,No,13.6,-7.4,Yes,Early Morning
2025-03-26T00:00:00.000000000,08:00,20.3,57.1,29.8,Yes,38.6,8.8,No,Late Morning
2025-03-26T00:00:00.000000000,07:00,23.8,57.6,15.0,Yes,17.3,2.3,Yes,Morning
2025-03-27T00:00:00.000000000,08:00,23.4,54.2,53.3,No,46.9,-6.4,No,Late Morning
2025-03-28T00:00:00.000000000,09:00,25.0,63.9,19.2,No,8.9,-10.3,Yes,Late Morning
2025-03-30T00:00:00.000000000,08:00,25.6,87.8,44.5,Yes,55.9,11.4,No,Late Morning
2025-03-29T00:00:00.000000000,06:00,21.0,89.2,13.5,Yes,16.6,3.1,Yes,Early Morning
2025-03-25T00:00:00.000000000,07:00,22.9,56.7,32.0,No,24.8,-7.2,Yes,Morning
2025-03-26T00:00:00.000000000,06:00,29.8,70.7,29.3,Yes,34.0,4.7,No,Early Morning
2025-04-01T00:00:00.000000000,09:00,26.6,79.7,40.1,Yes,46.9,6.8,No,Late Morning
2025-03-30T00:00:00.000000000,06:00,26.3,56.0,37.2,Yes,44.8,7.6,No,Early Morning
2025-03-28T00:00:00.000000000,08:00,30.2,87.1,27.0,Yes,32.1,5.1,No,Late Morning
2025-03-30T00:00:00.000000000,08:00,22.9,73.8,37.6,No,29.6,-8.0,No,Late Morning
2025-03-29T00:00:00.000000000,09:00,25.6,69.8,54.5,No,45.4,-9.1,No,Late Morning
2025-03-30T00:00:00.000000000,09:00,26.0,58.7,45.7,No,38.0,-7.7,No,Late Morning
2025-03-25T00:00:00.000000000,07:00,26.3,67.7,27.7,Yes,32.8,5.1,No,Morning
2025-03-29T00:00:00.000000000,06:00,21.5,52.8,58.6,Yes,74.4,15.8,No,Early Morning
2025-04-02T00:00:00.000000000,07:00,27.7,73.2,43.2,Yes,54.0,10.8,No,Morning
2025-04-02T00:00:00.000000000,08:00,27.3,66.0,51.4,No,41.7,-9.7,No,Late Morning
2025-03-28T00:00:00.000000000,08:00,25.9,73.8,56.7,No,49.9,-6.8,No,Late Morning
2025-04-02T00:00:00.000000000,08:00,22.2,82.8,10.5,No,0.0,-10.5,Yes,Late Morning
2025-03-31T00:00:00.000000000,06:00,24.9,68.4,41.7,Yes,54.0,12.3,No,Early Morning
2025-03-31T00:00:00.000000000,06:00,29.2,66.4,13.0,Yes,15.1,2.1,Yes,Early Morning
2025-03-26T00:00:00.000000000,06:00,26.8,75.3,49.9,No,43.3,-6.6,No,Early Morning
2025-03-31T00:00:00.000000000,08:00,20.1,70.4,25.0,No,16.1,-8.9,Yes,Late Morning
2025-03-31T00:00:00.000000000,09:00,20.6,70.4,26.2,Yes,32.1,5.9,No,Late Morning
2025-03-28T00:00:00.000000000,07:00,27.4,75.2,56.3,Yes,65.3,9.0,No,Morning
2025-03-25T00:00:00.000000000,07:00,30.6,61.5,14.4,Yes,16.9,2.5,Yes,Morning
2025-04-01T00:00:00.000000000,06:00,21.7,58.6,29.1,Yes,32.1,3.0,No,Early Morning
2025-03-28T00:00:00.000000000,09:00,23.5,84.3,33.9,Yes,39.5,5.6,No,Late Morning
2025-03-26T00:00:00.000000000,07:00,23.1,73.0,47.2,No,40.7,-6.5,No,Morning
2025-03-25T00:00:00.000000000,09:00,20.4,65.7,42.5,No,31.2,-11.3,No,Late Morning
2025-04-01T00:00:00.000000000,09:00,29.7,56.0,44.5,Yes,51.1,6.6,No,Late Morning
2025-03-26T00:00:00.000000000,08:00,25.1,70.2,53.8,No,43.2,-10.6,No,Late Morning
2025-03-31T00:00:00.000000000,06:00,22.0,85.3,42.0,No,38.0,-4.0,No,Early Morning
2025-04-02T00:00:00.000000000,06:00,21.8,51.9,46.0,No,41.1,-4.9,No,Early Morning
2025-03-31T00:00:00.000000000,09:00,25.8,66.1,55.0,Yes,63.1,8.1,No,Late Morning
2025-03-26T00:00:00.000000000,06:00,24.3,79.9,56.2,Yes,72.8,16.6,No,Early Morning
2025-03-25T00:00:00.000000000,07:00,30.4,80.3,31.2,Yes,36.2,5.0,No,Morning
2025-03-25T00:00:00.000000000,09:00,28.5,57.9,36.9,Yes,43.0,6.1,No,Late Morning
2025-03-31T00:00:00.000000000,09:00,25.6,50.6,51.9,No,41.3,-10.6,No,Late Morning
2025-03-30T00:00:00.000000000,06:00,24.2,69.9,51.9,Yes,58.2,6.3,No,Early Morning
2025-03-25T00:00:00.000000000,07:00,21.4,76.1,44.2,Yes,49.4,5.2,No,Morning
2025-04-02T00:00:00.000000000,08:00,29.0,75.5,49.2,Yes,63.7,14.5,No,Late Morning
2025-03-27T00:00:00.000000000,09:00,21.6,61.8,12.8,Yes,16.2,3.4,Yes,Late Morning
2025-04-02T00:00:00.000000000,06:00,21.2,75.9,50.6,Yes,61.7,11.1,No,Early Morning
2025-04-02T00:00:00.000000000,09:00,23.3,72.8,31.3,No,22.7,-8.6,Yes,Late Morning
2025-03-29T00:00:00.000000000,08:00,22.6,78.5,13.7,No,7.7,-6.0,Yes,Late Morning
2025-04-01T00:00:00.000000000,06:00,24.3,58.2,59.5,Yes,69.7,10.2,No,Early Morning
2025-03-25T00:00:00.000000000,09:00,23.4,86.9,42.6,Yes,55.2,12.6,No,Late Morning
2025-03-28T00:00:00.000000000,06:00,24.4,76.6,47.0,Yes,54.8,7.8,No,Early Morning
2025-03-26T00:00:00.000000000,06:00,23.5,54.6,53.1,No,46.9,-6.2,No,Early Morning
2025-03-28T00:00:00.000000000,09:00,28.9,72.4,16.4,Yes,19.5,3.1,Yes,Late Morning
2025-04-01T00:00:00.000000000,06:00,21.2,84.4,14.8,Yes,18.6,3.8,Yes,Early Morning
2025-03-28T00:00:00.000000000,07:00,29.0,86.7,45.4,Yes,52.1,6.7,No,Morning
2025-03-31T00:00:00.000000000,06:00,30.6,86.6,12.3,No,4.7,-7.6,Yes,Early Morning
2025-03-25T00:00:00.000000000,07:00,25.8,58.6,36.5,Yes,43.8,7.3,No,Morning
2025-03-31T00:00:00.000000000,09:00,29.7,87.4,38.9,Yes,50.4,11.5,No,Late Morning
2025-04-01T00:00:00.000000000,06:00,28.2,63.2,22.8,No,18.3,-4.5,Yes,Early Morning
2025-04-02T00:00:00.000000000,07:00,26.4,75.7,19.6,No,14.5,-5.1,Yes,Morning
2025-04-01T00:00:00.000000000,06:00,28.5,64.0,34.0,Yes,40.8,6.8,No,Early Morning
2025-03-25T00:00:00.000000000,09:00,27.1,68.5,56.2,No,46.3,-9.9,No,Late Morning
2025-03-26T00:00:00.000000000,08:00,27.2,64.2,38.5,Yes,48.2,9.7,No,Late Morning
2025-03-28T00:00:00.000000000,06:00,27.4,55.9,39.3,No,31.5,-7.8,No,Early Morning
2025-03-31T00:00:00.000000000,08:00,29.6,84.2,30.4,No,22.6,-7.8,Yes,Late Morning
2025-03-29T00:00:00.000000000,07:00,22.8,53.9,54.6,Yes,63.6,9.0,No,Morning
2025-03-30T00:00:00.000000000,08:00,29.0,89.2,20.9,Yes,24.2,3.3,No,Late Morning
2025-03-25T00:00:00.000000000,08:00,22.2,66.4,33.2,No,24.5,-8.7,Yes,Late Morning
2025-03-25T00:00:00.000000000,06:00,22.6,53.6,28.3,No,22.8,-5.5,Yes,Early Morning
2025-03-29T00:00:00.000000000,06:00,21.2,62.3,34.5,Yes,41.6,7.1,No,Early Morning
2025-03-28T00:00:00.000000000,06:00,29.3,69.1,20.0,Yes,25.0,5.0,No,Early Morning
2025-03-30T00:00:00.000000000,08:00,23.7,51.0,23.4,No,15.9,-7.5,Yes,Late Morning
2025-04-01T00:00:00.000000000,07:00,24.3,52.2,13.8,No,6.0,-7.8,Yes,Morning
2025-03-25T00:00:00.000000000,07:00,20.4,60.8,37.3,Yes,45.4,8.1,No,Morning
2025-03-29T00:00:00.000000000,09:00,21.7,85.9,44.0,Yes,55.5,11.5,No,Late Morning
2025-03-28T00:00:00.000000000,08:00,28.7,86.0,58.5,Yes,64.6,6.1,No,Late Morning
2025-03-31T00:00:00.000000000,08:00,20.2,63.6,15.8,Yes,19.9,4.1,Yes,Late Morning
2025-03-30T00:00:00.000000000,09:00,23.6,76.6,20.9,Yes,24.8,3.9,No,Late Morning
2025-03-25T00:00:00.000000000,08:00,22.7,76.8,20.2,No,11.9,-8.3,Yes,Late Morning
2025-03-27T00:00:00.000000000,07:00,20.1,72.9,28.9,Yes,35.0,6.1,No,Morning
2025-03-25T00:00:00.000000000,08:00,29.1,80.5,15.2,Yes,18.6,3.4,Yes,Late Morning
2025-03-26T00:00:00.000000000,09:00,30.0,61.6,18.7,Yes,22.8,4.1,No,Late Morning
2025-03-27T00:00:00.000000000,07:00,20.3,83.0,15.6,Yes,20.1,4.5,Yes,Morning
2025-03-25T00:00:00.000000000,09:00,20.4,70.4,45.6,No,33.8,-11.8,No,Late Morning
2025-03-27T00:00:00.000000000,07:00,21.3,86.6,12.3,No,7.3,-5.0,Yes,Morning
2025-03-27T00:00:00.000000000,06:00,21.1,50.3,55.4,No,47.7,-7.7,No,Early Morning
2025-03-31T00:00:00.000000000,07:00,23.3,72.2,52.5,No,46.7,-5.8,No,Morning
2025-04-02T00:00:00.000000000,07:00,20.9,87.8,42.5,No,37.0,-5.5,No,Morning
2025-03-28T00:00:00.000000000,06:00,22.9,84.7,34.6,Yes,39.2,4.6,No,Early Morning
2025-03-28T00:00:00.000000000,09:00,22.0,77.1,57.1,No,48.8,-8.3,No,Late Morning
2025-03-29T00:00:00.000000000,06:00,21.3,89.5,43.5,Yes,51.5,8.0,No,Early Morning
2025-03-30T00:00:00.000000000,08:00,21.9,59.3,17.3,Yes,21.4,4.1,No,Late Morning
2025-04-01T00:00:00.000000000,06:00,22.9,70.6,12.9,Yes,16.2,3.3,Yes,Early Morning
2025-03-27T00:00:00.000000000,07:00,27.6,52.6,31.1,Yes,38.4,7.3,No,Morning
2025-03-25T00:00:00.000000000,09:00,21.7,59.4,30.6,No,20.3,-10.3,Yes,Late Morning
2025-03-29T00:00:00.000000000,08:00,23.1,81.7,41.3,Yes,50.6,9.3,No,Late Morning
2025-03-29T00:00:00.000000000,08:00,27.7,67.1,13.1,Yes,16.0,2.9,Yes,Late Morning
2025-04-02T00:00:00.000000000,07:00,27.6,86.1,12.6,Yes,15.6,3.0,Yes,Morning
2025-03-29T00:00:00.000000000,08:00,23.2,62.0,16.3,No,8.3,-8.0,Yes,Late Morning
2025-03-30T00:00:00.000000000,08:00,28.1,65.6,11.1,Yes,12.3,1.2,Yes,Late Morning
2025-03-25T00:00:00.000000000,06:00,25.3,64.3,39.9,Yes,47.8,7.9,No,Early Morning
2025-03-31T00:00:00.000000000,07:00,26.6,77.3,48.5,No,43.8,-4.7,No,Morning
2025-03-30T00:00:00.000000000,09:00,20.8,75.9,33.6,Yes,43.1,9.5,No,Late Morning
2025-03-28T00:00:00.000000000,07:00,26.6,64.2,44.1,No,38.7,-5.4,No,Morning
2025-03-27T00:00:00.000000000,08:00,25.7,78.5,40.6,No,31.5,-9.1,No,Late Morning
2025-03-29T00:00:00.000000000,06:00,21.8,66.0,24.0,Yes,30.7,6.7,No,Early Morning
2025-03-28T00:00:00.000000000,08:00,29.3,90.0,43.3,Yes,50.6,7.3,No,Late Morning
2025-03-26T00:00:00.000000000,07:00,22.1,60.0,26.1,No,18.2,-7.9,Yes,Morning
2025-03-25T00:00:00.000000000,08:00,24.0,88.2,29.8,Yes,34.8,5.0,No,Late Morning
2025-03-27T00:00:00.000000000,08:00,30.0,74.4,12.0,No,0.6,-11.4,Yes,Late Morning
2025-04-01T00:00:00.000000000,07:00,29.3,74.7,24.6,No,16.7,-7.9,Yes,Morning
2025-03-27T00:00:00.000000000,08:00,23.9,89.9,26.9,Yes,31.2,4.3,No,Late Morning
2025-03-27T00:00:00.000000000,06:00,26.1,80.9,56.7,No,51.3,-5.4,No,Early Morning
2025-03-27T00:00:00.000000000,06:00,25.4,72.1,12.5,Yes,15.5,3.0,Yes,Early Morning
2025-03-26T00:00:00.000000000,08:00,28.6,63.4,50.7,No,41.6,-9.1,No,Late Morning
2025-03-25T00:00:00.000000000,08:00,24.8,58.8,31.7,Yes,41.1,9.4,No,Late Morning
2025-04-02T00:00:00.000000000,06:00,22.8,82.3,15.7,No,10.2,-5.5,Yes,Early Morning
2025-04-02T00:00:00.000000000,08:00,23.0,63.6,57.7,Yes,72.9,15.2,No,Late Morning
2025-03-29T00:00:00.000000000,09:00,21.0,67.6,47.9,Yes,58.6,10.7,No,Late Morning
2025-03-31T00:00:00.000000000,09:00,27.2,53.0,57.1,No,47.4,-9.7,No,Late Morning
2025-03-29T00:00:00.000000000,07:00,29.9,58.1,39.2,Yes,48.9,9.7,No,Morning
2025-03-28T00:00:00.000000000,07:00,21.1,56.5,25.0,No,18.9,-6.1,Yes,Morning
2025-03-27T00:00:00.000000000,09:00,26.6,87.7,36.1,Yes,42.3,6.2,No,Late Morning
2025-04-02T00:00:00.000000000,07:00,30.2,50.7,16.1,No,11.3,-4.8,Yes,Morning
2025-03-28T00:00:00.000000000,07:00,28.6,67.3,20.2,Yes,22.7,2.5,No,Morning
2025-03-26T00:00:00.000000000,06:00,22.9,61.1,38.1,Yes,49.5,11.4,No,Early Morning
2025-04-01T00:00:00.000000000,08:00,30.0,69.7,48.6,Yes,57.6,9.0,No,Late Morning
2025-03-29T00:00:00.000000000,06:00,28.1,79.1,57.1,Yes,67.7,10.6,No,Early Morning
2025-03-31T00:00:00.000000000,09:00,24.1,55.5,33.9,Yes,40.4,6.5,No,Late Morning
2025-03-26T00:00:00.000000000,06:00,23.7,72.2,54.2,Yes,61.3,7.1,No,Early Morning
2025-03-27T00:00:00.000000000,06:00,23.5,86.1,52.8,No,47.8,-5.0,No,Early Morning
2025-03-31T00:00:00.000000000,06:00,24.6,65.9,39.7,Yes,50.4,10.7,No,Early Morning
2025-03-25T00:00:00.000000000,07:00,20.9,65.0,15.1,No,8.1,-7.0,Yes,Morning
2025-03-25T00:00:00.000000000,07:00,20.6,83.0,50.5,Yes,58.3,7.8,No,Morning
2025-03-25T00:00:00.000000000,07:00,27.0,65.9,55.1,Yes,63.0,7.9,No,Morning
2025-04-02T00:00:00.000000000,09:00,22.2,70.7,42.7,Yes,54.1,11.4,No,Late Morning
2025-03-30T00:00:00.000000000,08:00,25.8,62.3,55.1,Yes,70.1,15.0,No,Late Morning
2025-04-02T00:00:00.000000000,06:00,28.0,88.8,38.4,Yes,43.7,5.3,No,Early Morning
2025-04-01T00:00:00.000000000,09:00,29.0,62.9,39.8,Yes,45.2,5.4,No,Late Morning
2025-03-31T00:00:00.000000000,08:00,29.4,79.7,48.6,No,39.2,-9.4,No,Late Morning
2025-03-28T00:00:00.000000000,06:00,28.3,52.2,32.8,Yes,37.0,4.2,No,Early Morning
2025-03-29T00:00:00.000000000,07:00,28.4,66.7,26.4,Yes,30.7,4.3,No,Morning
2025-03-26T00:00:00.000000000,08:00,22.1,75.4,20.2,No,13.7,-6.5,Yes,Late Morning
2025-04-02T00:00:00.000000000,09:00,30.5,53.0,36.5,No,27.9,-8.6,Yes,Late Morning
2025-03-26T00:00:00.000000000,09:00,23.2,55.0,11.3,No,0.5,-10.8,Yes,Late Morning
2025-03-27T00:00:00.000000000,09:00,24.3,87.9,25.1,No,18.5,-6.6,Yes,Late Morning
2025-03-27T00:00:00.000000000,09:00,20.9,71.5,24.1,No,15.9,-8.2,Yes,Late Morning
2025-04-01T00:00:00.000000000,06:00,26.6,87.1,35.4,No,32.0,-3.4,Yes,Early Morning
2025-03-29T00:00:00.000000000,06:00,21.8,74.0,44.2,Yes,57.2,13.0,No,Early Morning
2025-04-02T00:00:00.000000000,09:00,22.6,80.1,53.6,No,42.4,-11.2,No,Late Morning
2025-03-31T00:00:00.000000000,08:00,26.7,79.1,41.6,Yes,52.5,10.9,No,Late Morning
2025-03-27T00:00:00.000000000,06:00,24.3,81.4,12.1,Yes,15.1,3.0,Yes,Early Morning
2025-03-31T00:00:00.000000000,06:00,23.9,86.8,57.1,No,51.1,-6.0,No,Early Morning
2025-04-01T00:00:00.000000000,07:00,23.6,73.9,59.3,No,52.4,-6.9,No,Morning
2025-03-27T00:00:00.000000000,06:00,21.2,73.9,37.2,No,29.8,-7.4,No,Early Morning
2025-03-29T00:00:00.000000000,09:00,22.2,56.1,36.7,No,28.7,-8.0,Yes,Late Morning
2025-04-02T00:00:00.000000000,09:00,27.5,51.7,51.2,No,44.0,-7.2,No,Late Morning
2025-03-26T00:00:00.000000000,07:00,25.8,55.8,20.6,Yes,25.8,5.2,Yes,Morning
2025-03-31T00:00:00.000000000,06:00,25.8,69.7,16.9,No,12.6,-4.3,Yes,Early Morning
2025-03-26T00:00:00.000000000,07:00,22.7,86.5,59.5,Yes,77.0,17.5,No,Morning
2025-03-29T00:00:00.000000000,06:00,28.0,64.3,12.1,Yes,13.9,1.8,Yes,Early Morning
2025-03-31T00:00:00.000000000,07:00,21.1,70.0,36.7,No,31.3,-5.4,No,Morning
2025-03-25T00:00:00.000000000,06:00,21.2,58.7,45.2,Yes,55.5,10.3,No,Early Morning
2025-03-26T00:00:00.000000000,06:00,25.0,60.6,32.5,Yes,41.6,9.1,No,Early Morning
2025-03-26T00:00:00.000000000,08:00,21.2,82.6,19.7,No,10.2,-9.5,Yes,Late Morning
2025-03-27T00:00:00.000000000,09:00,20.8,51.1,37.1,No,26.8,-10.3,No,Late Morning
2025-03-26T00:00:00.000000000,07:00,26.6,79.9,37.5,No,33.1,-4.4,No,Morning
2025-03-26T00:00:00.000000000,07:00,26.2,70.0,17.9,No,11.6,-6.3,Yes,Morning
2025-03-30T00:00:00.000000000,07:00,24.6,62.4,30.9,Yes,39.7,8.8,No,Morning
2025-04-01T00:00:00.000000000,08:00,29.9,60.1,11.8,Yes,13.2,1.4,Yes,Late Morning
2025-03-29T00:00:00.000000000,07:00,25.9,68.6,57.9,Yes,66.0,8.1,No,Morning
2025-03-27T00:00:00.000000000,07:00,22.2,83.5,55.7,Yes,68.5,12.8,No,Morning
2025-03-28T00:00:00.000000000,07:00,28.9,84.4,55.1,Yes,65.5,10.4,No,Morning
2025-03-25T00:00:00.000000000,07:00,20.4,57.8,32.6,No,26.7,-5.9,Yes,Morning
2025-03-25T00:00:00.000000000,06:00,24.3,85.8,33.1,Yes,37.9,4.8,No,Early Morning
2025-03-28T00:00:00.000000000,09:00,29.0,69.5,16.4,Yes,18.2,1.8,Yes,Late Morning
2025-03-25T00:00:00.000000000,09:00,24.6,72.0,12.4,Yes,14.6,2.2,Yes,Late Morning
2025-03-29T00:00:00.000000000,08:00,20.8,52.5,45.3,Yes,53.9,8.6,No,Late Morning
2025-03-28T00:00:00.000000000,09:00,21.2,59.3,41.7,Yes,48.2,6.5,No,Late Morning
2025-04-01T00:00:00.000000000,09:00,21.7,56.5,30.6,No,23.1,-7.5,Yes,Late Morning
2025-03-25T00:00:00.000000000,08:00,28.8,83.5,46.0,Yes,55.8,9.8,No,Late Morning
2025-03-29T00:00:00.000000000,07:00,24.0,67.0,47.3,No,40.0,-7.3,No,Morning
2025-03-26T00:00:00.000000000,09:00,22.8,67.5,43.7,No,34.2,-9.5,No,Late Morning
2025-03-28T00:00:00.000000000,09:00,27.0,62.6,41.9,Yes,53.1,11.2,No,Late Morning
2025-03-31T00:00:00.000000000,07:00,27.4,60.0,36.5,No,32.1,-4.4,No,Morning
2025-03-28T00:00:00.000000000,07:00,26.6,78.1,55.9,No,52.7,-3.2,No,Morning
2025-03-29T00:00:00.000000000,07:00,22.2,71.9,15.7,No,11.8,-3.9,Yes,Morning
2025-03-25T00:00:00.000000000,07:00,29.3,51.0,20.0,Yes,25.3,5.3,Yes,Morning
2025-03-31T00:00:00.000000000,07:00,23.3,52.8,22.8,No,16.7,-6.1,Yes,Morning
2025-03-27T00:00:00.000000000,08:00,26.1,74.6,36.6,Yes,40.6,4.0,No,Late Morning
2025-03-26T00:00:00.000000000,07:00,26.8,56.4,41.0,Yes,49.1,8.1,No,Morning
2025-03-29T00:00:00.000000000,08:00,23.4,61.2,35.9,Yes,43.0,7.1,No,Late Morning
2025-04-02T00:00:00.000000000,06:00,29.7,50.1,49.7,No,46.5,-3.2,No,Early Morning
2025-03-26T00:00:00.000000000,08:00,22.7,71.0,11.2,No,0.8,-10.4,Yes,Late Morning
2025-03-30T00:00:00.000000000,06:00,20.4,87.9,11.5,Yes,14.3,2.8,Yes,Early Morning
2025-03-29T00:00:00.000000000,07:00,24.4,80.8,47.6,No,44.6,-3.0,No,Morning
2025-04-02T00:00:00.000000000,09:00,20.9,74.4,32.1,Yes,39.2,7.1,No,Late Morning
2025-03-30T00:00:00.000000000,07:00,26.7,58.4,24.9,Yes,27.7,2.8,No,Morning
2025-04-01T00:00:00.000000000,09:00,29.7,81.7,19.3,Yes,22.8,3.5,No,Late Morning
2025-03-25T00:00:00.000000000,09:00,23.5,55.1,41.7,Yes,46.1,4.4,No,Late Morning
2025-03-27T00:00:00.000000000,07:00,26.1,79.0,21.1,No,15.8,-5.3,Yes,Morning
2025-03-25T00:00:00.000000000,07:00,28.7,74.8,40.5,Yes,49.4,8.9,No,Morning
2025-04-01T00:00:00.000000000,09:00,30.4,88.6,15.9,Yes,19.5,3.6,Yes,Late Morning
2025-04-02T00:00:00.000000000,09:00,23.3,68.5,35.8,Yes,43.3,7.5,No,Late Morning
2025-03-31T00:00:00.000000000,06:00,22.6,80.9,12.3,No,7.5,-4.8,Yes,Early Morning
2025-03-26T00:00:00.000000000,09:00,25.7,83.7,55.9,Yes,64.2,8.3,No,Late Morning
2025-03-31T00:00:00.000000000,08:00,22.2,88.1,49.8,Yes,58.0,8.2,No,Late Morning
2025-04-02T00:00:00.000000000,09:00,22.1,65.8,27.8,Yes,35.6,7.8,No,Late Morning
2025-03-26T00:00:00.000000000,07:00,26.5,82.0,15.4,No,9.4,-6.0,Yes,Morning
2025-04-02T00:00:00.000000000,08:00,22.2,85.0,57.5,Yes,66.0,8.5,No,Late Morning
2025-03-27T00:00:00.000000000,08:00,28.0,89.4,51.3,No,41.5,-9.8,No,Late Morning
2025-03-29T00:00:00.000000000,09:00,20.8,58.3,46.8,Yes,57.3,10.5,No,Late Morning
2025-04-01T00:00:00.000000000,09:00,29.3,58.1,22.0,No,14.5,-7.5,Yes,Late Morning
2025-03-26T00:00:00.000000000,09:00,22.8,82.8,43.8,No,37.1,-6.7,No,Late Morning
2025-03-27T00:00:00.000000000,07:00,29.7,80.2,21.4,No,15.0,-6.4,Yes,Morning
2025-03-28T00:00:00.000000000,07:00,26.7,52.0,10.7,No,5.7,-5.0,Yes,Morning
2025-04-02T00:00:00.000000000,09:00,26.4,54.3,11.3,No,0.0,-11.3,Yes,Late Morning
2025-03-30T00:00:00.000000000,09:00,29.8,67.7,44.6,No,33.9,-10.7,No,Late Morning
2025-03-26T00:00:00.000000000,08:00,24.5,52.7,36.4,Yes,46.6,10.2,No,Late Morning
2025-03-29T00:00:00.000000000,07:00,20.2,61.8,48.9,No,42.4,-6.5,No,Morning
2025-04-02T00:00:00.000000000,09:00,27.4,66.5,50.9,Yes,61.6,10.7,No,Late Morning
2025-03-27T00:00:00.000000000,06:00,28.0,88.7,18.9,No,12.9,-6.0,Yes,Early Morning
2025-03-28T00:00:00.000000000,08:00,30.8,72.1,39.2,Yes,48.6,9.4,No,Late Morning
2025-03-30T00:00:00.000000000,06:00,21.3,59.3,15.1,Yes,18.8,3.7,Yes,Early Morning
2025-04-01T00:00:00.000000000,08:00,28.3,67.1,40.8,Yes,52.6,11.8,No,Late Morning
2025-03-26T00:00:00.000000000,09:00,25.0,75.5,43.9,No,37.5,-6.4,No,Late Morning
2025-03-27T00:00:00.000000000,08:00,26.1,59.0,57.9,Yes,67.1,9.2,No,Late Morning
2025-04-01T00:00:00.000000000,06:00,27.3,64.3,23.0,No,18.3,-4.7,Yes,Early Morning
2025-03-26T00:00:00.000000000,06:00,21.4,70.9,55.5,Yes,65.7,10.2,No,Early Morning
2025-03-25T00:00:00.000000000,09:00,30.0,88.2,50.5,No,43.6,-6.9,No,Late Morning
2025-04-01T00:00:00.000000000,08:00,27.2,58.4,17.6,Yes,22.6,5.0,Yes,Late Morning
2025-03-26T00:00:00.000000000,09:00,20.1,65.3,44.4,No,38.2,-6.2,No,Late Morning
2025-03-28T00:00:00.000000000,08:00,28.8,89.3,41.4,No,35.2,-6.2,No,Late Morning
2025-03-30T00:00:00.000000000,06:00,24.4,67.5,55.8,Yes,70.5,14.7,No,Early Morning
2025-03-29T00:00:00.000000000,09:00,27.7,89.1,59.6,Yes,72.1,12.5,No,Late Morning
2025-03-26T00:00:00.000000000,07:00,30.2,81.9,55.5,Yes,68.9,13.4,No,Morning
2025-04-01T00:00:00.000000000,08:00,28.1,80.3,49.9,Yes,55.2,5.3,No,Late Morning
2025-03-26T00:00:00.000000000,07:00,23.4,70.3,51.3,Yes,61.3,10.0,No,Morning
2025-04-01T00:00:00.000000000,09:00,20.1,82.0,24.4,Yes,28.8,4.4,No,Late Morning
2025-03-31T00:00:00.000000000,07:00,27.9,86.9,19.7,No,15.6,-4.1,Yes,Morning
2025-04-01T00:00:00.000000000,06:00,26.9,82.2,35.9,Yes,46.1,10.2,No,Early Morning
2025-03-30T00:00:00.000000000,08:00,29.0,83.8,46.1,Yes,51.8,5.7,No,Late Morning
2025-03-25T00:00:00.000000000,06:00,20.7,57.6,24.4,No,17.6,-6.8,Yes,Early Morning
2025-03-31T00:00:00.000000000,09:00,25.4,65.7,54.9,No,43.7,-11.2,No,Late Morning
2025-04-02T00:00:00.000000000,09:00,29.5,52.7,35.3,Yes,42.1,6.8,No,Late Morning
2025-03-27T00:00:00.000000000,07:00,26.6,81.3,12.5,Yes,15.2,2.7,Yes,Morning
2025-03-29T00:00:00.000000000,06:00,22.8,58.7,22.3,Yes,25.0,2.7,No,Early Morning
2025-03-27T00:00:00.000000000,08:00,21.2,69.0,34.7,Yes,42.9,8.2,No,Late Morning
2025-04-02T00:00:00.000000000,07:00,31.0,70.4,39.0,Yes,46.1,7.1,No,Morning
2025-03-26T00:00:00.000000000,09:00,27.3,87.9,31.6,Yes,37.1,5.5,No,Late Morning
2025-04-01T00:00:00.000000000,06:00,27.0,71.5,14.7,Yes,19.0,4.3,Yes,Early Morning
2025-03-29T00:00:00.000000000,07:00,29.5,76.9,41.6,Yes,46.1,4.5,No,Morning
2025-03-30T00:00:00.000000000,06:00,29.8,76.4,36.8,Yes,47.4,10.6,No,Early Morning
2025-03-28T00:00:00.000000000,09:00,26.1,65.4,55.0,Yes,65.7,10.7,No,Late Morning
2025-03-30T00:00:00.000000000,08:00,22.1,87.8,49.5,Yes,58.9,9.4,No,Late Morning
2025-03-25T00:00:00.000000000,06:00,28.5,66.8,19.0,Yes,21.3,2.3,Yes,Early Morning
2025-03-29T00:00:00.000000000,06:00,23.2,50.6,12.6,Yes,15.0,2.4,Yes,Early Morning
2025-03-29T00:00:00.000000000,07:00,20.3,75.9,37.9,Yes,42.2,4.3,No,Morning
2025-03-26T00:00:00.000000000,09:00,27.2,78.9,19.1,No,8.3,-10.8,Yes,Late Morning
2025-04-02T00:00:00.000000000,06:00,27.7,87.9,51.1,Yes,57.7,6.6,No,Early Morning
2025-03-29T00:00:00.000000000,07:00,22.4,60.0,31.2,No,24.2,-7.0,Yes,Morning
2025-03-27T00:00:00.000000000,06:00,27.9,86.1,12.6,No,7.8,-4.8,Yes,Early Morning
2025-04-01T00:00:00.000000000,06:00,29.3,80.1,42.4,No,36.6,-5.8,No,Early Morning
2025-03-29T00:00:00.000000000,07:00,30.2,71.5,13.2,Yes,15.2,2.0,Yes,Morning
2025-03-29T00:00:00.000000000,07:00,25.6,71.1,38.1,Yes,47.4,9.3,No,Morning
2025-03-29T00:00:00.000000000,09:00,24.2,88.9,53.9,Yes,59.4,5.5,No,Late Morning
2025-03-31T00:00:00.000000000,06:00,26.8,69.6,18.3,Yes,20.9,2.6,Yes,Early Morning
2025-03-26T00:00:00.000000000,09:00,23.4,58.0,54.3,Yes,63.0,8.7,No,Late Morning
2025-03-27T00:00:00.000000000,07:00,29.6,77.8,55.7,No,51.1,-4.6,No,Morning
2025-03-28T00:00:00.000000000,08:00,27.0,74.8,53.4,Yes,66.9,13.5,No,Late Morning
2025-03-28T00:00:00.000000000,07:00,26.2,85.8,50.6,Yes,64.8,14.2,No,Morning
2025-03-27T00:00:00.000000000,09:00,29.6,56.5,58.0,Yes,70.7,12.7,No,Late Morning
2025-03-31T00:00:00.000000000,06:00,30.9,69.8,10.5,Yes,12.9,2.4,Yes,Early Morning
2025-03-27T00:00:00.000000000,08:00,26.0,88.1,21.4,No,15.0,-6.4,Yes,Late Morning
2025-03-26T00:00:00.000000000,07:00,20.2,56.6,33.1,Yes,36.7,3.6,No,Morning
2025-04-02T00:00:00.000000000,07:00,20.4,70.9,11.5,Yes,14.2,2.7,Yes,Morning
2025-04-02T00:00:00.000000000,06:00,21.4,53.2,55.4,Yes,68.6,13.2,No,Early Morning
2025-03-31T00:00:00.000000000,07:00,24.5,50.2,54.5,Yes,70.3,15.8,No,Morning
2025-03-26T00:00:00.000000000,09:00,25.1,60.5,38.1,No,27.0,-11.1,Yes,Late Morning
2025-03-26T00:00:00.000000000,06:00,22.1,67.8,43.5,Yes,52.8,9.3,No,Early Morning
2025-04-01T00:00:00.000000000,09:00,25.8,71.2,43.6,Yes,56.1,12.5,No,Late Morning
2025-03-27T00:00:00.000000000,09:00,21.3,59.5,52.4,Yes,64.8,12.4,No,Late Morning
2025-03-31T00:00:00.000000000,07:00,30.1,64.0,28.9,Yes,33.4,4.5,No,Morning
2025-03-27T00:00:00.000000000,08:00,28.1,58.5,28.3,No,17.0,-11.3,Yes,Late Morning
2025-03-25T00:00:00.000000000,09:00,22.5,63.4,18.2,No,10.0,-8.2,Yes,Late Morning
2025-03-28T00:00:00.000000000,06:00,22.4,70.4,34.1,Yes,43.0,8.9,No,Early Morning
2025-03-26T00:00:00.000000000,09:00,23.3,53.9,23.8,No,14.2,-9.6,Yes,Late Morning
2025-03-29T00:00:00.000000000,07:00,25.0,65.6,51.2,Yes,58.9,7.7,No,Morning
2025-03-25T00:00:00.000000000,08:00,21.6,74.6,38.1,No,30.3,-7.8,Yes,Late Morning
2025-04-02T00:00:00.000000000,08:00,28.6,84.6,14.8,No,3.6,-11.2,Yes,Late Morning
2025-03-30T00:00:00.000000000,08:00,26.5,51.1,25.8,No,19.0,-6.8,Yes,Late Morning
2025-03-25T00:00:00.000000000,07:00,27.9,79.8,49.2,Yes,58.1,8.9,No,Morning
2025-03-31T00:00:00.000000000,07:00,23.3,89.6,10.8,No,6.3,-4.5,Yes,Morning
2025-03-27T00:00:00.000000000,09:00,25.5,72.1,52.3,No,46.0,-6.3,No,Late Morning
2025-04-01T00:00:00.000000000,06:00,25.4,53.5,25.1,No,18.2,-6.9,Yes,Early Morning
2025-03-30T00:00:00.000000000,07:00,20.9,50.7,30.8,Yes,39.2,8.4,No,Morning
2025-04-02T00:00:00.000000000,09:00,23.7,68.8,56.3,Yes,71.8,15.5,No,Late Morning
2025-03-31T00:00:00.000000000,08:00,20.4,86.3,13.3,No,1.4,-11.9,Yes,Late Morning
2025-03-28T00:00:00.000000000,09:00,20.7,50.1,29.3,No,19.4,-9.9,Yes,Late Morning
2025-04-01T00:00:00.000000000,08:00,23.4,63.4,36.8,Yes,44.3,7.5,No,Late Morning
2025-04-01T00:00:00.000000000,08:00,24.7,78.0,56.7,Yes,67.1,10.4,No,Late Morning
2025-03-31T00:00:00.000000000,06:00,27.6,79.7,38.4,Yes,44.1,5.7,No,Early Morning
2025-03-26T00:00:00.000000000,09:00,20.5,85.4,37.4,Yes,41.7,4.3,No,Late Morning
2025-03-29T00:00:00.000000000,07:00,24.5,88.3,53.7,Yes,63.8,10.1,No,Morning
2025-03-28T00:00:00.000000000,08:00,23.9,56.4,48.5,Yes,59.2,10.7,No,Late Morning
2025-03-29T00:00:00.000000000,06:00,28.4,56.6,48.7,No,44.8,-3.9,No,Early Morning
2025-03-26T00:00:00.000000000,06:00,26.9,67.1,24.0,Yes,28.6,4.6,No,Early Morning
2025-04-01T00:00:00.000000000,06:00,27.9,67.6,52.7,Yes,62.7,10.0,No,Early Morning
2025-03-30T00:00:00.000000000,09:00,30.5,79.0,15.5,Yes,19.3,3.8,Yes,Late Morning
2025-03-31T00:00:00.000000000,08:00,26.9,64.7,59.7,No,49.7,-10.0,No,Late Morning
2025-03-26T00:00:00.000000000,07:00,22.7,89.8,52.7,Yes,61.1,8.4,No,Morning
2025-03-31T00:00:00.000000000,07:00,22.0,62.4,53.4,Yes,59.1,5.7,No,Morning
2025-03-31T00:00:00.000000000,07:00,24.5,79.0,16.3,No,10.1,-6.2,Yes,Morning
2025-04-01T00:00:00.000000000,06:00,21.6,58.7,12.0,No,6.4,-5.6,Yes,Early Morning
2025-03-28T00:00:00.000000000,09:00,27.8,65.9,26.9,Yes,30.3,3.4,No,Late Morning
2025-03-26T00:00:00.000000000,08:00,29.4,82.6,25.9,No,18.1,-7.8,Yes,Late Morning
2025-03-25T00:00:00.000000000,07:00,28.5,61.1,26.5,Yes,32.0,5.5,No,Morning
2025-03-26T00:00:00.000000000,09:00,28.1,54.2,44.8,Yes,54.5,9.7,No,Late Morning
2025-03-31T00:00:00.000000000,08:00,23.0,58.1,28.1,No,18.9,-9.2,Yes,Late Morning
2025-03-26T00:00:00.000000000,09:00,23.0,79.8,44.1,Yes,54.0,9.9,No,Late Morning
2025-03-28T00:00:00.000000000,08:00,28.7,68.5,42.6,Yes,55.0,12.4,No,Late Morning
